time_hr,t=0.5,t=1,t=2.5,t=5,t=7.5,t=10,t=12
1e-05,20.0,20.0,20.0,20.0,20.0,20.0,20.0
0.2605310220440882,20.0,20.0,20.0,20.0,20.0,20.0,20.0
0.5210520440881763,20.0,20.0,20.0,20.0,20.0,20.0,20.0
0.7815730661322645,20.0,20.0,20.0,20.0,20.0,20.0,20.0
1.0420940881763527,20.000000000000014,20.00000000000002,20.00000000000003,20.00000000000003,20.00000000000003,20.00000000000003,20.00000000000003
1.3026151102204409,20.000000000000362,20.000000000000497,20.000000000000554,20.000000000000554,20.000000000000554,20.000000000000554,20.000000000000554
1.5631361322645292,20.000000000002373,20.000000000003624,20.00000000000456,20.000000000004597,20.000000000004597,20.000000000004597,20.000000000004597
1.8236571543086173,20.00000000000859,20.00000000001411,20.000000000020265,20.000000000020947,20.000000000020947,20.000000000020947,20.000000000020947
2.0841781763527054,20.000000000021615,20.000000000037296,20.000000000060055,20.000000000065313,20.000000000065356,20.000000000065356,20.000000000065356
2.3446991983967935,20.000000000042945,20.000000000076646,20.000000000135245,20.000000000157655,20.00000000015848,20.00000000015848,20.00000000015848
2.6052202204408816,20.00000000007548,20.000000000135486,20.000000000253962,20.000000000318664,20.000000000324675,20.000000000324732,20.000000000324732
2.8657412424849698,20.000000000166416,20.00000000026013,20.000000000462784,20.00000000060573,20.00000000063045,20.000000000631445,20.000000000631445
3.1262622645290583,20.000000000777547,20.00000000091441,20.000000001221807,20.00000000148347,20.000000001553033,20.000000001559904,20.000000001559982
3.3867832865731464,20.00000000487867,20.000000005125216,20.00000000555213,20.000000005970236,20.00000000612126,20.00000000614847,20.000000006149655
3.6473043086172345,20.00000002632973,20.000000027296686,20.00000002785623,20.00000002846049,20.000000028733474,20.00000002880816,20.000000028815755
3.9078253306613226,20.000000115163765,20.000000120862424,20.00000012163393,20.00000012244351,20.000000122875676,20.00000012303505,20.00000012306323
4.16834635270541,20.00000041789228,20.000000447844812,20.000000449550534,20.000000450573808,20.000000451194083,20.000000451478627,20.000000451551905
4.428867374749498,20.000001295690765,20.000001424383896,20.000001431717266,20.00000143295304,20.00000143377971,20.000001434226128,20.000001434375932
4.6893883967935865,20.00000352047794,20.000003980927275,20.00000401666962,20.00000401810906,20.000004019149664,20.000004019786076,20.000004020044784
4.949909418837675,20.0000085566446,20.000009967797652,20.000010119568522,20.00001012119759,20.00001012245025,20.00001012329406,20.000010123689634
5.210430440881763,20.00001891730438,20.000022714376414,20.00002326134741,20.000023263158496,20.000023264613787,20.000023265671693,20.00002326622444
5.470951462925851,20.000038564405287,20.000047717650915,20.000049422114387,20.00004942422602,20.000049425868916,20.00004942713845,20.000049427859892
5.731472484969939,20.000073307941165,20.000093402595198,20.000098095867855,20.000098099435405,20.000098101247858,20.000098102718667,20.000098103611982
5.991993507014027,20.000131154516062,20.00017187256519,20.00018350576937,20.00018351783104,20.00018351979292,20.00018352145016,20.000183522511193
6.252514529058116,20.000222560073546,20.00029955899261,20.000325912932254,20.00032596567287,20.00032596776348,20.000325969589063,20.000325970808362
6.513035551102204,20.000360553548532,20.000497687417848,20.000552928862547,20.000553140152974,20.000553142351812,20.00055314432369,20.00055314568872
6.773556573146292,20.00056071409304,20.000792498056185,20.000900724500028,20.00090145514271,20.00090145742562,20.000901459524485,20.000901461021208
7.0340775951903804,20.000841000932397,20.001215187898623,20.001415020593782,20.001417223806925,20.001417226150366,20.001417228363792,20.001417229970883
7.294598617234469,20.00122144914647,20.00180157164192,20.002151748468833,20.002157652864298,20.002157655274374,20.002157657566798,20.00215765927161
7.555119639278557,20.00172375520914,20.002591485592895,20.00317728895756,20.0031915978661,20.00319160030611,20.003191602651057,20.00319160444468
7.815640661322645,20.0023707823948,20.003627978956914,20.00456822895015,20.004600045066724,20.0046000475569,20.004600049961326,20.00460005181266
8.076161683366733,20.003186018445945,20.00495634939943,20.006410615140602,20.006476303113345,20.00647630599942,20.00647630844587,20.006476310340062
8.336682705410821,20.004193016903308,20.006623084720047,20.00879872679505,20.00892590179874,20.00892590760565,20.008925910037284,20.00892591195411
8.59720372745491,20.00541485012134,20.008674771082,20.011833427542626,20.01206620633286,20.01206622846678,20.012066230864676,20.01206623280352
8.857724749498997,20.006873597187834,20.011157022220956,20.015620185619007,20.016025759777563,20.016025853892614,20.016025856343845,20.01602585831737
9.118245771543085,20.00858988447606,20.01411347504535,20.020266870131294,20.020943363585076,20.02094371851038,20.020943721091186,20.020943723067106
9.378766793587173,20.010582491066664,20.017584886642368,20.025881437522656,20.026966898759838,20.026968057364535,20.026968060007434,20.026968061917415
9.639287815631262,20.012868026150002,20.021608357086123,20.032569618701558,20.034251882902595,20.034255206686694,20.034255209253487,20.034255211132916
9.89980883767535,20.01546068109684,20.0262166925544,20.040432705698294,20.042959756822647,20.042968293552214,20.042968295919664,20.042968297878872
10.160329859719438,20.018372055263853,20.031437914511372,20.04956551983389,20.053255901977465,20.053275852562102,20.053275854075146,20.053275856176356
10.420850881763526,20.02161105170987,20.037294913535405,20.060054623730082,20.065307406033895,20.065350399580637,20.065350402501096,20.065350404715772
10.681371903807614,20.025183837133966,20.043805240871997,20.07197681962839,20.079280615773484,20.079367012798784,20.07936701646028,20.07936701861736
10.941892925851702,20.02909385885232,20.050981026559207,20.08539795729,20.095338538608196,20.095501912131688,20.095501921412435,20.095501923318565
11.20241394789579,20.033341911037056,20.058829010489376,20.100372058285963,20.113638172781094,20.11393109261124,20.113931131867275,20.11393113356344
11.462934969939878,20.03792624212722,20.067350671060083,20.11694074946206,20.134327856990566,20.134828992691254,20.134829155061837,20.134829156664708
11.723455991983966,20.042842695455477,20.07654243568132,20.135132987723978,20.157544733349916,20.158367193504603,20.15836777438345,20.158367775856107
11.983977014028055,20.048084875593688,20.08639595749274,20.154965050188522,20.1834124115514,20.184713125400293,20.184714924862263,20.184714925900316
12.244498036072143,20.053644333399802,20.09689844338468,20.176440759098526,20.212038909928168,20.214028742394675,20.214033669548115,20.21403366945107
12.505019058116233,20.059510763579567,20.10803301970735,20.19955190755624,20.243514932526416,20.246469123472778,20.246481281209775,20.246481279421104
12.76554008016032,20.065672209153746,20.119779122940102,20.2242788517314,20.27791252141097,20.28218097752037,20.28220843116413,20.282208428080345
13.026061102204409,20.07211526827882,20.13211290489717,20.25059123569735,20.315284105237936,20.32130104185275,20.321358485732645,20.321358483424987
13.286582124248497,20.07882529928041,20.14500764253215,20.278448816811334,20.355661946185798,20.363954390736232,20.36406690517874,20.364066911196794
13.547103146292585,20.08578662073736,20.158434144894194,20.307802362045024,20.399057971919433,20.410252694051835,20.410460741245878,20.41046077865728
13.807624168336673,20.092982704039386,20.172361150388284,20.338594588859984,20.44546396726109,20.46029248489262,20.460658262731982,20.460658358944485
14.068145190380761,20.100396356318527,20.18675570924158,20.37076112735612,20.4948520899963,20.514153506209453,20.514768551564984,20.514768827841465
14.32866621242485,20.108009892415993,20.20158354738163,20.404231483310873,20.54717566923746,20.57189720807682,20.572891117388068,20.572892048857497
14.589187234468938,20.11580529476855,20.21680940841101,20.43892998697836,20.602370243470546,20.633565464086544,20.635115702940823,20.63511843833286
14.849708256513026,20.123764360587643,20.232397371758793,20.474776711583957,20.660354788929276,20.699179560568737,20.701521733166224,20.701528900964263
15.110229278557114,20.131868836092977,20.248311145802617,20.511688353126736,20.721033096121204,20.768739501162734,20.77217778730639,20.772194832465487
15.370750300601202,20.140100537806816,20.264514335386473,20.549579061852654,20.784295252206547,20.842223649657136,20.847140894091467,20.84717818138639
15.63127132264529,20.14844146085224,20.280970683179177,20.58836122018991,20.850019186596207,20.91958871693737,20.926455673925062,20.92653155875754
15.891792344689378,20.15687387503924,20.29764428605614,20.627946162641067,20.91807225000597,21.000770087670638,21.010153340355778,21.010298376382217
16.152313366733466,20.165380408870945,20.314499786515597,20.668244835751615,20.988312789758695,21.08568245845312,21.098250592902133,21.0985130003492
16.412834388777554,20.173944122195252,20.331502540148904,20.70916839701323,21.060591702500574,21.17422076658785,21.19074853402992,21.191200876007464
16.673355410821642,20.182548568219055,20.348618760921156,20.750628753592686,21.13475393685286,21.266261362591123,21.287631596174357,21.288378388503915
16.93387643286573,20.191177845778768,20.365815645350622,20.792539041122247,21.210639931255272,21.361663389840643,21.388866598251838,21.390052594781288
17.19439745490982,20.199816641729228,20.383061475662956,20.834814045274314,21.288086973770056,21.460270326358405,21.494401991734392,21.496221951425042
17.454918476953907,20.208450265693692,20.40032570630192,20.877370568536982,21.36693047287755,21.561911645869927,21.604167334945274,21.606874317368096
17.715439498997995,20.217064676475488,20.417579032111945,20.92012774439769,21.44700513283854,21.666404555523826,21.718073049905,21.721987142645773
17.975960521042083,20.225646501668614,20.43479344184103,20.96300730378851,21.528146030656806,21.773555774881586,21.8360104706058,21.841526444542446
18.23648154308617,20.23418305086092,20.451942257270105,21.005933795636153,21.610189590840662,21.88316331953773,21.957852185910383,21.96544576397445
18.49700256513026,20.24266232339499,20.469000160026262,21.04883476494586,21.692974460413666,21.995018260745326,22.083452677978094,22.093685288091706
18.757523587174347,20.251073010575368,20.485943206463006,21.09164089282514,21.77634228348552,22.108906433108274,22.212649218595175,22.22617083083435
19.018044609218435,20.259404494098575,20.502748833425798,21.13428610278993,21.86013838249947,22.224610077159483,22.34526300748864,22.362812979419928
19.278565631262524,20.267646840325398,20.519395854652245,21.17670763284395,21.944212343833925,22.341909388323614,22.48110050682437,22.5035064082167
19.53908665330661,20.27579079071846,20.53586444874726,21.218846081382665,22.02841852100231,22.460583973185777,22.619954941372782,22.648129645978145
19.7996076753507,20.28382775020976,20.552136141830843,21.26064542695562,22.112616451220333,22.580414192776132,22.761607905835575,22.796544732010645
20.060128697394788,20.291749772578044,20.568193783280037,21.302053025379635,22.196671199131657,22.7011823890997,22.90583106162896,22.94859739803465
20.320649719438876,20.299549543916626,20.58402151723803,21.343019587886005,22.280453628788102,22.822674004165115,23.052387877131316,23.10411747879465
20.581170741482964,20.307220363987696,20.59960474872969,21.383499139991372,22.36384061123693,22.944678574995393,23.201035369623895,23.262919593651247
20.841691763527052,20.314756127364163,20.614930108758998,21.423448968831664,22.446715173161607,23.066990608909975,23.351525826387032,23.424804057965872
21.10221278557114,20.3221513017928,20.629985413837403,21.46282955589392,22.52896659155472,23.189410357795353,23.50360848327486,23.589558033134836
21.36273380761523,20.32940090697133,20.644759624842223,21.50160449707805,22.610490443104254,23.311744471165227,23.657031128846086,23.756956842825254
21.623254829659317,20.336500492943223,20.659242805462256,21.539740419487728,22.691188610277337,23.433806552529788,23.81154161912741,23.92676544525554
21.883775851703405,20.343446116190442,20.673426075291935,21.57720688365704,22.770969243789494,23.555417623357144,23.966889311527723,24.09873998000922
22.144296873747493,20.350234318300053,20.687301567546186,21.613976287618932,22.84974670455597,23.676406478288214,24.122826351030206,24.27262941064575
22.40481789579158,20.356862102345588,20.700862382278828,21.65002375929454,22.92744146420256,23.796609977884927,24.279108889171532,24.4481771686622
22.66533891783567,20.363326909966624,20.71410254043004,21.685327051110924,23.003979989440865,23.915873253232334,24.435498144442093,24.625122816411036
22.925859939879757,20.369626599590333,20.727016939953806,21.71986643023307,23.079294603353787,24.034049841171637,24.59176136627746,24.80320365719612
23.186380961923845,20.375759423536365,20.739601309160555,21.753624564680166,23.15332332400046,24.151001750869113,24.74767266935025,24.98215631343593
23.446901983967933,20.38172400642658,20.75185216377237,21.786586416343688,23.22600969848125,24.266599486547037,24.90301375570227,25.161718194553572
23.70742300601202,20.38751932404633,20.763766762825668,21.818739125802338,23.29730261718194,24.380721999012636,25.057574520544108,25.3416289197444
23.96794402805611,20.393144682182566,20.775343065996644,21.850071903816797,23.367156121356487,24.493256640830303,25.21115358694108,25.521631605764625
24.228465050100198,20.398599696546526,20.7865796920058,21.880575920482343,23.435529204818174,24.604098987304084,25.363558660238873,25.701474043188156
24.488986072144286,20.40388427303087,20.797475878376943,21.910244199655537,23.502385610628806,24.713152734602303,25.514606890985107,25.880909777154386
24.749507094188374,20.40899858905678,20.80803144241731,21.93907151209055,23.56769362130501,24.820329490071245,25.66412506982381,26.059699083451477
25.010028116232466,20.413943074891705,20.81824674296378,21.967054273782466,23.63142585505075,24.925548596529694,25.811949799421342,26.237609767327285
25.270549138276554,20.41871839589369,20.828122643684253,21.99419044473592,23.69355905244283,25.028736842998256,25.957927546535203,26.41441789921464
25.531070160320642,20.42332543643245,20.83766047894605,22.020479433540203,23.75407387285702,25.129828287479228,26.101914678345224,26.589908450186783
25.79159118236473,20.427765282816416,20.846862019021913,22.045922002662167,23.81295468617462,25.22876396807844,26.24377738348501,26.763875731264335
26.052112204408818,20.432039207862815,20.85572943761524,22.07052017568835,23.870189372072105,25.3254916343747,26.38339162958198,26.936123905747948
26.312633226452906,20.43614865659253,20.86426528146204,22.09427715449275,23.925769119568386,25.41996548009044,26.520642962374524,27.10646718103783
26.573154248496994,20.440095231789783,20.87247244126592,22.11719723260522,23.97968824013258,25.51214586411775,26.65542636095421,27.2747300990464
26.833675270541082,20.443880680387892,20.88035412241487,22.139285711288267,24.03194396654468,25.601999025565107,26.787646012513406,27.44074765131908
27.09419629258517,20.447506880569456,20.887913816451587,22.160548828688135,24.08253627848812,25.689496808965785,26.917215068946085,27.60436534688901
27.35471731462926,20.450975830992114,20.895155281971512,22.180993686243184,24.13146772147433,25.77461636449017,27.04405537778107,27.765439211616744
27.615238336673347,20.454289636745287,20.90208251155112,22.200628169587134,24.17874323614454,25.85733989186771,27.16809720228447,27.923835731768115
27.875759358717435,20.45745050047627,20.908699715180454,22.219460890067126,24.22436998974642,25.937654352276695,27.289278931758467,28.079431749026284
28.136280380761523,20.46046071230397,20.915011296450615,22.237501119829275,24.268357221141144,26.015551196055043,27.40754672661822,28.23211426103238
28.39680140280561,20.463322638356594,20.921021832351677,22.2547587286477,24.310716081409502,26.09102610345556,27.522854226034113,28.381780247984693
28.6573224248497,20.466038712914575,20.92673605295046,22.271244128702122,24.351459492770957,26.164078734554536,27.635162269723295,28.528336493909364
28.917843446893787,20.468611429730714,20.932158824398634,22.286968219430108,24.390602008649807,26.234712453078657,27.74443843867178,28.671699174692904
29.178364468937875,20.471043333372563,20.93729513039218,22.301942334914948,24.42815967136,26.302934104561203,27.850656817921575,28.811793677551464
29.438885490981963,20.473337012246688,20.942150057614583,22.316178199299713,24.46414989581271,26.368753787354777,27.953797720195283,28.94855438307762
29.69940651302605,20.4754950909019,20.946728778946678,22.329687876016862,24.498591339007334,26.432184598145845,28.05384723016183,29.081924086537896
29.95992753507014,20.477520224276674,20.951036541024912,22.342483732348292,24.531503794885396,26.49324243917396,28.150796869391897,29.211853810523216
30.220448557114228,20.479415090101597,20.955078648902926,22.35457838810946,24.5629080707077,26.55194578061881,28.244643488882076,29.338302552511095
30.480969579158316,20.481182384254225,20.958860454919233,22.36598468652535,24.592825895390305,26.608315494242603,28.335388683113607,29.46123671040344
30.741490601202404,20.482824815114526,20.962387347722697,22.376715657622306,24.621279818631066,26.662374644460783,28.423038709741974,29.580629936515393
31.002011623246492,20.484345097751557,20.96566473871456,22.386784479272784,24.64829311465415,26.714148285239865,28.50760404501562,29.69646261920404
31.26253264529058,20.485745950432488,20.968698055374887,22.39620445284426,24.67388969889231,26.763663317695908,28.58909914127875,29.808721633863158
31.52305366733467,20.48703008956707,20.97149273005273,22.40498897114979,24.69809404593377,26.81094830237874,28.66754227122631,29.917399932531005
31.783574689378757,20.488200225519563,20.97405419120858,22.41315148925068,24.720931109261215,26.856033311329163,28.742955046725186,30.02249630378234
32.04409571142285,20.489259059709894,20.976387856014995,22.420705502380358,24.742426248270036,26.898949767439177,28.815362264140006,30.12401480547713
32.304616733466936,20.490209280237572,20.978499122693037,22.427664523860138,24.762605170693398,26.93973031892122,28.884791708271635,30.22196467601468
32.565137755511024,20.491053559227907,20.98039336342491,22.434042055680315,24.781493847593318,26.97840866994352,28.951273869144806,30.31635987800894
32.82565877755511,20.491794550261588,20.982075919162824,22.439851579266914,24.799118481037,27.01501950853634,29.01484166554117,30.40721881051728
33.0861797995992,20.49243488516879,20.983552092578,22.44510652724069,24.815505422126392,27.049598335971503,29.07553032642126,30.49456402108624
33.34670082164329,20.492977171883084,20.98482714305902,22.449820271761325,24.83068113707887,27.082181371137736,29.133377097594575,30.578421859458103
33.60722184368738,20.493423991931564,20.985906282096522,22.45400610597089,24.844672153692926,27.11280545858139,29.18842111786651,30.658822231197213
33.867742865731465,20.49377789953231,20.986794669393205,22.457677237272364,24.857505015322943,27.141507949486495,29.240703160418022,30.735798361449177
34.12826388777555,20.494041417294248,20.987497409240163,22.460846755098146,24.869206236507424,27.16832661345586,29.290265510052024,30.809386439683912
34.38878490981964,20.494217038584466,20.988019544239492,22.46352764415998,24.879802277799214,27.19329956190566,29.33715179534616,30.879625409902673
34.64930593186373,20.494307221923222,20.988366053895675,22.46573275115503,24.88931948516141,27.21646514879879,29.381406798136254,30.946556773421094
34.90982695390782,20.49431439251012,20.988541853973025,22.467474790424006,24.89778408918825,27.237861908737457,29.42307630560512,31.010224304592484
35.170347975951906,20.494240940073524,20.988551790599786,22.468766325758736,24.905222149250207,27.257528479225527,29.462207023061254,31.070673814747373
35.430868997995994,20.494089217767353,20.98840063892324,22.469619765588035,24.91165953510901,27.275503533637334,29.49884636519713,31.12795299764943
35.69139002004008,20.493861541485344,20.988093101472245,22.47004735495119,24.917121903699076,27.291825727128057,29.53304238644258,31.18211121275003
35.95191104208417,20.493560189135543,20.987633805680275,22.470061168639354,24.92163467350727,27.306533631432828,29.564843658931714,31.23319927580532
36.21243206412826,20.493187400878767,20.987027307440357,22.469673114939653,24.925223008889503,27.319665676179184,29.59429914592053,31.28126930772035
36.472953086172346,20.492745376205235,20.986278078074108,22.46889490647736,24.92791178262261,27.33126013069672,29.62145807978193,31.326374561341296
36.733474108216434,20.492236275231626,20.985390514923857,22.467738079751555,24.92972559347151,27.341355028219432,29.64636993177811,31.368569297166545
36.99399513026052,20.491662220528497,20.98436893830838,22.4662139868026,24.930688706646336,27.349988125666343,29.66908427300318,31.407908481290534
37.25451615230461,20.491025291825736,20.983217584538238,22.46433378040711,24.93082507704672,27.35719689216465,29.689650682093443,31.444447863923628
37.5150371743487,20.49032752936202,20.981940612296967,22.462108424400782,24.93015832336104,27.363018447249438,29.708118676984498,31.47824368783651
37.77555819639279,20.48957093369843,20.980542099012297,22.45954868373775,24.92871171047075,27.36748954712779,29.72453774924056,31.50935269087966
38.036079218436875,20.488757464493673,20.97902604209618,22.45666512654381,24.926508151189253,27.370646543768743,29.738957092021735,31.53783183801943
38.29660024048096,20.487889040678745,20.97739635682558,22.453468120224997,24.923570189862275,27.37252537069689,29.751425727085973,31.563738374555257
38.55712126252505,20.486967541567154,20.97565687869971,22.449967832000603,24.919919999469357,27.373161511089506,29.761992324414877,31.58712949983071
38.81764228456914,20.485994806307204,20.973811364039662,22.446174232831723,24.91557938274525,27.372589986390217,29.770705218823927,31.608062720595477
39.07816330661323,20.484972633491275,20.971863485802075,22.44209708493412,24.91056974482744,27.37084531975232,29.777612352846134,31.626595114622077
39.338684328657315,20.483902782719397,20.96981684035788,22.43774595723235,24.904912118057645,27.367961542327706,29.78276127080038,31.6427838621416
39.5992053507014,20.48278697433792,20.967674943690042,22.43313021465103,24.8986271348477,27.363972177649643,29.78619892145548,31.656685751007387
39.85972637274549,20.481626888650993,20.965441232106492,22.42825902307738,24.891735041922438,27.358910194420744,29.787971844071684,31.668357389219295
40.12024739478958,20.48042416808027,20.963119064810122,22.423141350219524,24.884255687495042,27.352808043940946,29.78812595255122,31.677854895839417
40.38076841683367,20.479180416556417,20.960711723297614,22.417785965408825,24.876208529600305,27.345697619812775,29.78670661259804,31.685234128820646
40.641289438877756,20.477897200661275,20.958222414116904,22.412201446067996,24.867612630807706,27.337610261146324,29.783758600274773,31.690550277369425
40.901810460921844,20.476576048135918,20.95565426510104,22.406396168570367,24.858486655417906,27.3285767462461,29.77932606005256,31.69385822064985
41.16233148296593,20.475218451352696,20.95301032922601,22.4003783216219,24.848848885211027,27.318627280179868,29.773452450936887,31.69521205640377
41.42285250501002,20.47382586407761,20.95029359353684,22.394155901429826,24.838717185184493,27.307791506500195,29.76618060407121,31.694665474895487
41.68337352705411,20.47239970656055,20.947506959249317,22.38773671675598,24.82810906693338,27.296098488049097,29.757552653457246,31.69227128319848
41.9438945490982,20.47094136185531,20.944653263951054,22.381128388485173,24.81704163174986,27.283576714349223,29.747610072517375,31.688081926395526
42.204415571142285,20.4694521785283,20.941735272810774,22.37433835245386,24.805531597624125,27.270254103215557,29.73639353162926,31.682148862252753
42.46493659318637,20.46793347073921,20.93875567939294,22.367373864557052,24.793595309477425,27.25615799300978,29.72394312175956,31.674522963647235
42.72545761523046,20.466386516700844,20.93571710900091,22.360241987451417,24.781248762624045,27.24131515253012,29.71029813027362,31.66525433344796
42.98597863727455,20.464812569225657,20.932622125388434,22.35294966023789,24.768507450138856,27.225751772706253,29.695497088943064,31.65439224707174
43.24649965931864,20.46321283663437,20.929473215486702,22.345503570192506,24.755386686105012,27.209493487609265,29.67957785822479,31.6419852091798
43.507020681362725,20.461588503076314,20.92627280463921,22.337910275599455,24.741901298961977,27.19256535581463,29.662577554173907,31.628080959043416
43.76754170340681,20.459940718663447,20.92302325717337,22.33017616843837,24.728065776116914,27.17499187416344,29.644532506594267,31.61272638695627
44.0280627254509,20.458270602227202,20.91972687034358,22.322307462656745,24.713894259882004,27.156796989976144,29.625478361329904,31.595967559103215
44.28858374749499,20.456579244233616,20.916385883400515,22.314310221573514,24.699400541134473,27.138004097043734,29.605450016949796,31.57784965354449
44.54910476953908,20.45486770170173,20.913002468967953,22.30619032945807,24.684598054913884,27.118636039907393,29.584481625007776,31.558417133647637
44.809625791583166,20.453137005856497,20.909578745683035,22.29795352880653,24.66949990129661,27.098715116446442,29.562606555414845,31.53771346260551
45.070146813627254,20.451388157082263,20.90611676984544,22.289605402756607,24.654118854002718,27.078263110558694,29.53985757640693,31.51578135182106
45.33066783567134,20.449622128166496,20.902618541456818,22.281151377645287,24.638467334767498,27.05730124815173,29.516266589804488,31.492662615494794
45.59118885771543,20.44783986476945,20.899086006114715,22.272596741557535,24.62255746697207,27.035850274093193,29.49186490435477,31.46839822087712
45.85170987975952,20.44604228477695,20.895521051257035,22.263946625033576,24.606401032668778,27.013930369772638,29.466682989750566,31.44302833331338
46.112230901803606,20.444230280596244,20.891925512710472,22.255206023654964,24.590009511502615,26.991561252923134,29.44075071413785,31.416592176514477
46.372751923847694,20.44240471840466,20.888301173308392,22.24637979176717,24.57339407739599,26.968762127503418,29.41409720376187,31.389128141431314
46.63327294589178,20.440566437976422,20.884649761453034,22.237472637836277,24.556565589341957,26.945551696634027,29.38675087472432,31.360673883687028
46.89379396793587,20.438716256599946,20.880972959695647,22.22848915051864,24.53953462621226,26.921948196768483,29.358739502736313,31.331266155501275
47.15431498997996,20.436854965562844,20.877272397346317,22.21943377265046,24.522311462407913,26.89796937187603,29.330090138098015,31.30094077783488
47.41483601202405,20.43498333296347,20.873549656675777,22.210310826274934,24.50490609338989,26.873632508464283,29.300829203572704,31.269732943682186
47.675357034068135,20.433102104116273,20.869806273260323,22.20112450906022,24.487328239928317,26.84895443726588,29.27098245536682,31.23767686962386
47.93587805611222,20.431212002105468,20.86604373643806,22.19187888542713,24.469587328579486,26.82395152137009,29.240574982849353,31.204806002946405
48.19639907815631,20.42931372647319,20.862263489480554,22.18257790979859,24.451692548996036,26.798639700006305,29.209631243761237,31.171153031178605
48.4569201002004,20.427407956441783,20.85846693077039,22.173225410999137,24.433652799644463,26.77303446433956,29.178175094219,31.13674984546141
48.71744112224449,20.42549535008952,20.85465541870544,22.1638251096905,24.415476740275267,26.747150892037354,29.146229737930895,31.10162767803412
48.977962144288576,20.42357654507535,20.850830268636415,22.154380609561613,24.397172760169667,26.72100361718835,29.113817784314833,31.065816555153887
49.238483166332664,20.421652157361926,20.846992748778,22.144895396932384,24.378749030650383,26.69460689545079,29.080961239196697,31.02934625226881
49.49900418837675,20.419722786796363,20.843144100037662,22.135372870626057,24.360213460644218,26.667974568180142,29.04768152618084,30.99224559610679
49.75952521042084,20.417789010601012,20.83928551173193,22.125816304863932,24.341573711944946,26.641120067626034,29.013999492002313,30.954542543438933
50.020046232464935,20.415851389343047,20.835418142217094,22.116228881898166,24.322837253615752,26.61405646847625,28.97993541290147,30.916264599946714
50.28056725450902,20.41391046550811,20.831543111480315,22.10661368335301,24.304011303010626,26.58679644016179,28.945509008203146,30.877438264040087
50.54108827655311,20.411966762553078,20.82766150088871,22.096973687922585,24.28510286118516,26.5593523104706,28.910739455136834,30.838089626718954
50.8016092985972,20.41002078808377,20.823774358740607,22.087311785508973,24.266118722569935,26.531736024687945,28.875645395518006,30.798243860432166
51.06213032064129,20.408073031958153,20.819882697643223,22.07763076657396,24.24706545690755,26.50395917551421,28.840244946356606,30.75792550364875
51.322651342685376,20.406123968270037,20.81598749750097,22.06793333816097,24.22794944823017,26.47603303506186,28.804555710722504,30.717158603318552
51.583172364729464,20.404174054971385,20.812089704948676,22.058222115442774,24.20877686957465,26.447968501772053,28.76859478771032,30.67596627697099
51.84369338677355,20.40222373418794,20.808190235253946,22.048499627021094,24.189553700273684,26.419776174721875,28.732378783926556,30.634371177110253
52.10421440881764,20.400273433194158,20.80428997203184,22.038768319305262,24.17028573029245,26.39146631241597,28.695923826765643,30.592395403324346
52.36473543086173,20.398323563927825,20.800389767546676,22.029030553781524,24.1509785597721,26.36304886238522,28.65924556518698,30.550060178319136
52.625256452905816,20.396374525006472,20.79649044671062,22.01928861652742,24.13163761934095,26.334533472289095,28.622359199524794,30.507386354618
52.885777474949904,20.39442670064693,20.792592806357327,22.009544715468778,24.112268151345013,26.305929474121697,28.585279460047786,30.464394073299843
53.14629849699399,20.392480461860565,20.78869761307265,21.99980098283048,24.092875232072885,26.27724592029,28.548020646790192,30.421102839574544
53.40681951903808,20.390536164335273,20.784805605608085,21.99005947077365,24.07346376608463,26.248491574219337,28.51059663369371,30.377531894713997
53.66734054108217,20.388594153536715,20.78091749920887,21.98032217059101,24.054038501438235,26.21967491383601,28.473020858323665,30.333699520915644
53.92786156312626,20.386654761143703,20.777033981643505,21.97059099578175,24.034604016621472,26.1908041541854,28.435306355279295,30.28962376216238
54.188382585170345,20.384718306271964,20.77315571531051,21.960867794708797,24.01516474434615,26.161887234910722,28.39746576204942,30.245322064294
54.44890360721443,20.382785097057578,20.76928333913355,21.95115435038612,23.995724959410083,26.13293183971888,28.359511303496888,30.200811078941022
54.70942462925852,20.38085542987961,20.765417467604387,21.941452380887704,23.97628879407747,26.103945407230782,28.321454841346394,30.15610734632679
54.96994565130261,20.37892958928741,20.76155869349217,21.931763539879697,23.95686023266896,26.074935115418434,28.283307855087806,30.111226740513274
55.2304666733467,20.37700784987792,20.757707585588065,21.922089425358436,23.937443128582203,26.04590791832365,28.245081457590615,30.06618457749464
55.490987695390785,20.375090474357464,20.753864690803688,21.912431570069465,23.91804118578751,26.016870523196857,28.206786400261905,30.02099583185432
55.751508717434874,20.37317771610165,20.750030535800178,21.90279144897032,23.89865798583115,25.987829411153044,28.16843309965315,29.975674910558652
56.01202973947896,20.371269818576877,20.746205623658398,21.89317043899664,23.879296985672113,25.95879084106687,28.130031583833414,29.930235806335062
56.27255076152305,20.36936701427782,20.742390447401455,21.88357005104227,23.859961487443172,25.92976088015203,28.091591702276418,29.884692121026198
56.53307178356714,20.367469528190895,20.738585466809113,21.87399145513225,23.840654719356323,25.900745343529188,28.053122764186,29.839056944472887
56.793592805611226,20.365577574881996,20.734791130787357,21.864435962574355,23.821379754796418,25.8717498618727,28.014633902998987,29.79334296308911
57.054113827655314,20.36369135889889,20.73100786749042,21.854904783655385,23.80213956107825,25.842779871442772,27.976133913251807,29.747562483978513
57.3146348496994,20.36181107882598,20.72723609025678,21.845399086070252,23.782937007295843,25.81384061697601,27.93763130832363,29.701727431069443
57.57515587174349,20.359936923354965,20.723476191282003,21.83591998669982,23.763774817767327,25.784937115436676,27.89913425122107,29.655849226231993
57.83567689378758,20.358069070850192,20.719728546117736,21.826468549879095,23.74465565057818,25.756074261592445,27.860650708821026,29.609939073811944
58.09619791583167,20.356207696926177,20.71599351860462,21.817045811888597,23.72558204545929,25.727256727115872,27.82218830256123,29.564007664998257
58.356718937875755,20.354352964381604,20.71227145159618,21.807652748649346,23.706556429115224,25.698489013938122,27.783754414073123,29.51806540053623
58.61723995991984,20.352505030513882,20.708562673520944,21.79829030471825,23.687581153789296,25.66977548007165,27.745356168386657,29.472122328738678
58.87776098196393,20.350664046495623,20.704867499619674,21.7889593786985,23.668658462544954,25.64112029273779,27.707000418676785,29.426188124202277
59.13828200400802,20.348830155897105,20.701186231555752,21.779660833201746,23.649790497847164,25.612527454400194,27.66869375947381,29.380272149014928
59.39880302605211,20.34700349330062,20.697519153386814,21.770395491097496,23.630979333884824,25.584000828888264,27.630442587130148,29.334383425815894
59.659324048096195,20.345184188943065,20.69386653671576,21.761164135429077,23.61222695527441,25.55554414575559,27.59225303297937,29.28853066864265
59.91984507014028,20.343372367570623,20.690228642603415,21.751967517917237,23.593535248707354,25.527160948850245,27.554130994396132,29.24272229060479
60.18036609218437,20.341568143064485,20.68660571350317,21.742806347335204,23.574906023534574,25.498854652282198,27.516082170412233,29.196966380436628
60.44088711422846,20.339771628171803,20.682997985232973,21.733681305378106,23.556341014136365,25.470628544993133,27.47811202371973,29.15127075188815
60.70140813627255,20.337982927457112,20.67940567896241,21.724593038339762,23.537841882167882,25.442485773763806,27.44022581967674,29.105642936821404
60.961929158316636,20.336202142425932,20.67582900812252,21.71554216675679,23.519410198551277,25.414429331107442,27.402428591817277,29.060090163186047
61.222450180360724,20.334429364642688,20.672268162190292,21.70652926908167,23.501047480159457,25.38646212424279,27.36472522416311,29.014619422760106
61.48297120240481,20.332664682266227,20.66872333966515,21.697554888040308,23.482755145455386,25.358586893604183,27.327120355582387,28.96923741437778
61.7434922244489,20.330908180506754,20.665194711439952,21.68861956758944,23.464534593977213,25.330806312900833,27.28961848701556,28.923950619106876
62.00401324649299,20.329159936974108,20.661682444052218,21.679723791061548,23.446387108320188,25.303122880474874,27.25222389679014,28.878765225337034
62.264534268537076,20.327420025481217,20.658186694037397,21.670868028327405,23.428313930340998,25.27553901655304,27.214940704933895,28.833687211952018
62.525055290581165,20.32568851115026,20.654707605419475,21.662052719354598,23.410316239822308,25.248057027651733,27.177772861715802,28.78872231457035
62.78557631262525,20.323965465729046,20.651245325014443,21.653278286788662,23.39239514073526,25.220679088706135,27.140724119728425,28.74387602874235
63.04609733466934,20.322250943654367,20.647799972349986,21.64454511583756,23.374551703100565,25.193407318211314,27.10379811891218,28.69915363457207
63.30661835671343,20.320545002463717,20.6443716703469,21.63585357460518,23.356786925939332,25.16624369544607,27.066998310999978,28.654560221359304
63.56713937875752,20.318847691988736,20.64096052931947,21.6272040049044,23.33910174955885,25.139190116234914,27.030328002074945,28.61010063241052
63.827660400801605,20.317159061879195,20.637566652676973,21.61859672931415,23.321497065346904,25.112248378767234,26.993790341575547,28.56577952387039
64.0881814228457,20.31547915375772,20.634190132652392,21.610032041280704,23.303973711068764,25.085420189511858,26.95738834393103,28.521601353545165
64.34870244488978,20.313808010240216,20.630831062390214,21.60151022876869,23.286532485390197,25.058707169740494,26.921124877579757,28.477570394608634
64.60922346693387,20.31214566458705,20.627489513543516,21.593031535209207,23.26917411969108,25.03211086212157,26.885002698305698,28.433690723304444
64.86974448897796,20.310492153251616,20.624165570586086,21.584596217964013,23.251899330804683,25.005632711427808,26.849024364773015,28.3899662294941
65.13026551102205,20.30884750207032,20.620859286437643,21.576204471791925,23.23470873604238,24.979274073121495,26.813192391482254,28.34640063419478
65.39078653306613,20.307211740001634,20.617570725984244,21.567856507206017,23.21760296326547,24.953036251481876,26.777509121084677,28.302997503155687
65.65130755511022,20.30558488861317,20.614299941499517,21.559552502715647,23.200582546732463,24.926920454926176,26.74197678652918,28.259760215155794
65.91182857715431,20.30396696800301,20.611046976714334,21.551292620694333,23.183648028645862,24.900927827698496,26.70659749541504,28.216691995833813
66.1723495991984,20.302357996444215,20.607811875704044,21.543077019576174,23.16679990562117,24.875059460821916,26.671373285968492,28.173795917284494
66.43287062124249,20.30075798736177,20.60459466757898,21.534905813601895,23.150038587285103,24.849316314732334,26.636305986303242,28.13107490167154
66.69339164328657,20.29916695384307,20.601395390105345,21.52677911364563,23.133364505313452,24.82369936356845,26.60139744610769,28.08853172666319
66.95391266533066,20.29758490140953,20.598214049280728,21.51869705815298,23.116778002294005,24.79820943745443,26.56664930134029,28.04616900589788
67.21443368737475,20.296011839607914,20.595050678377532,21.51065969271788,23.100279433618972,24.77284737516355,26.532063166383587,28.00398923442785
67.47495470941884,20.294447770451484,20.59190528335094,21.50266709689567,23.08386908403358,24.747613900838857,26.497640536164596,27.961994783661922
67.73547573146293,20.292892697578722,20.588777875039106,21.49471933538382,23.06754723938092,24.72250973629778,26.4633827728195,27.92018789371639
67.99599675350701,20.291346618375897,20.585668452813174,21.486816447025788,23.051314118417615,24.69753548174762,26.429291203005157,27.87857062082776
68.2565177755511,20.289809530331723,20.58257701696816,21.478958463976085,23.03516993405671,24.672691722626134,26.39536703900726,27.83714499250081
68.51703879759519,20.288281429106142,20.579503562984584,21.47114540496237,23.01911485110216,24.647978994866094,26.361611418034137,27.795912848751165
68.77755981963928,20.28676230749845,20.576448081155903,21.463377294141075,23.00314905529627,24.62339774269364,26.32802536741555,27.75487596190137
69.03808084168337,20.285252156575723,20.573410554267248,21.455654105624966,22.987272630651475,24.598948420014814,26.294609890096517,27.714035950184012
69.29860186372746,20.283750962813272,20.57039095978091,21.447975822416083,22.971485697671362,24.57463138705627,26.261365861712008,27.67339436524354
69.55912288577154,20.282258717363888,20.567389291675184,21.44034244174425,22.9557882591088,24.55044696942042,26.228294075820045,27.632952604494122
69.81964390781563,20.280775403405748,20.564405507214722,21.432753905665678,22.94018043455972,24.526395464883095,26.195395349245487,27.59271205794162
70.08016492985972,20.279301006585683,20.561439587696185,21.425210192663556,22.92466222028923,24.50247710289272,26.16267029102127,27.552673890235546
70.34068595190381,20.277835507201914,20.558491492032076,21.41771120076251,22.909233601849643,24.47869210303655,26.130119544719882,27.512839267854794
70.6012069739479,20.276378886758764,20.555561196285986,21.41025693783527,22.893894572089835,24.455040590867192,26.09774364319638,27.473209244437115
70.86172799599198,20.274931123756517,20.552648651135797,21.40284727334685,22.87864506798536,24.43152270937967,26.06554307173139,27.4337847602997
71.12224901803607,20.273492196549114,20.549753820597005,21.395482150950414,22.86348504029184,24.40813855299107,26.033518264558438,27.394566710079268
71.38277004008016,20.272062081690436,20.546876657523313,21.38816147094309,22.848414385004958,24.38488814746043,26.00166958430492,27.35555587636857
71.64329106212425,20.270640753297855,20.544017113024708,21.380885140035772,22.833432996216217,24.361771499278802,25.96999728731013,27.316752952473266
71.90381208416834,20.269228186835136,20.541175143278544,21.37365306003163,22.81854078058268,24.338788627660946,25.93850170133632,27.27815860272115
72.16433310621242,20.26782435289575,20.53835068973512,21.36646510861828,22.803737559633852,24.3159394340475,25.907182976063368,27.239773365988015
72.42485412825651,20.266429224080696,20.535543701107784,21.359321178339066,22.78902319893212,24.293223864810727,25.87604127669607,27.20159773892913
72.6853751503006,20.26504277054461,20.532754117547356,21.352221136992526,22.774397512886424,24.27064179396676,25.845076710981374,27.163632158601068
72.94589617234469,20.263664961593662,20.529981881792217,21.345164856215078,22.759860315072473,24.248193063866886,25.814289299457016,27.125876939853597
73.20641719438878,20.26229576258686,20.5272269293664,21.338152200965396,22.74541140413244,24.225877547174093,25.783679106889878,27.088332408517033
73.46693821643287,20.26093514894633,20.52448920315203,21.331183028692266,22.731050578157152,24.203695026736668,25.753246058252984,27.050998805347213
73.72745923847695,20.259583077371012,20.5217686279547,21.324257179996025,22.716777561870956,24.1816452529945,25.722990056751847,27.013876236299183
73.98798026052104,20.258239522152067,20.51906514887964,21.317374518908636,22.70259214930951,24.159727996403113,25.6929110151182,26.976964833282658
74.24850128256513,20.25690443835027,20.51637868453509,21.31053487394975,22.68849404743648,24.137942991934608,25.663008736836545,26.940264662009895
74.50902230460922,20.25557779609919,20.513709169049513,21.303738079853304,22.674483010777557,24.116289943067365,25.633283072963607,26.90377571740084
74.7695433266533,20.25425955881454,20.511056532738593,21.296983980299693,22.660558754330893,24.094768523592847,25.603733758852336,26.867497940851194
75.0300643486974,20.252949685787172,20.508420697355348,21.290272392477732,22.646720971177515,24.073378405820918,25.57436051514896,26.831431225660907
75.29058537074148,20.251648140400164,20.50580159215251,21.283603147463012,22.632969379140356,24.052119245050662,25.545163090352588,26.79557543940247
75.55110639278557,20.250354883441034,20.503199135832425,21.276976057017123,22.619303641887612,24.03099064050233,25.5161410900821,26.759930348581804
75.81162741482966,20.24906987557135,20.5006132532262,21.270390940286347,22.60572344266695,24.00999220408216,25.487294176055805,26.72449573474409
76.07214843687375,20.24779307613069,20.498043864252097,21.26384760613489,22.59222845350736,23.98912353152553,25.4586219588939,26.689271321219294
76.33266945891783,20.246524444719242,20.495490890079935,21.25734587104465,22.57881833313627,23.968384190868164,25.430124004774328,26.65425675008693
76.59319048096192,20.245263939372776,20.492954246140812,21.250885528779463,22.565492717014124,23.94777372650767,25.401799854709424,26.619451665282057
76.85371150300601,20.244011520812506,20.490433852794226,21.24446639105755,22.552251269147575,23.927291689960505,25.373649038335174,26.584855658885985
77.1142325250501,20.242767143299233,20.48792962678357,21.238088257453832,22.539093597659374,23.90693759518443,25.34567105036833,26.550468301468214
77.37475354709419,20.241530767109964,20.485441481452334,21.231750916557196,22.526019345341098,23.88671095747857,25.317865351543112,26.516289094716264
77.63527456913828,20.24030234711155,20.48296933267295,21.225454169337496,22.513028127693914,23.86661126711453,25.290231420203945,26.482317551244336
77.89579559118236,20.239081842397844,20.480513096988062,21.219197807360857,22.50011957122173,23.846638023453878,25.26276866869621,26.448553113360774
78.15631661322645,20.23786920596374,20.47807268195792,21.212981613066162,22.48729325926314,23.8267906787365,25.235476487301455,26.414995202885542
78.41683763527054,20.236664396702338,20.47564800311438,21.206805376633447,22.474548800795183,23.807068693837323,25.20835426937459,26.381643212884114
78.67735865731463,20.235467369616124,20.47323897515367,21.20066888918744,22.46188580372865,23.787471530062618,25.18140138585148,26.348496510256737
78.93787967935872,20.234278077932522,20.470845503660016,21.194571923371825,22.449303842268627,23.76799861392948,25.15461718781623,26.315554450957336
79.1984007014028,20.233096481947612,20.46846750613662,21.188514269214515,22.436802516964377,23.748649388978478,25.128000994012773,26.282816322529044
79.45892172344689,20.23192252846546,20.46610488616932,21.182495709986043,22.424381401769494,23.72942324823798,25.101552117633503,26.25028142501931
79.71944274549098,20.230756177789907,20.463757555859544,21.176516009081823,22.41204006003437,23.710319606897876,25.07526984992215,26.217949002910288
79.97996376753507,20.22959738454557,20.461425426976803,21.170574955767712,22.399778090996136,23.691337889301323,25.049153494904857,26.18581832919002
80.24048478957916,20.228446100957413,20.459108405099258,21.164672323620678,22.387595040375857,23.672477464094158,25.02320229738273,26.153888595664597
80.50100581162324,20.227302283481563,20.456806403506597,21.158807893079796,22.375490494312885,23.653737729016314,24.997415517550003,26.12215900367876
80.76152683366733,20.22616588200799,20.4545193213255,21.152981418282813,22.36346397800967,23.635118031172162,24.97179237961511,26.090628727961317
81.02204785571142,20.225036854882248,20.45224707834899,21.14719269370957,22.351515105627882,23.61661782087721,24.946332173539048,26.059296972084276
81.28256887775551,20.223915152879208,20.449989572338538,21.14144147313798,22.33964338524386,23.598236377651247,24.921034033105244,26.02816281821596
81.5430898997996,20.222800730822186,20.447746715254127,21.1357275377422,22.327848387743657,23.579973095255227,24.89589719688024,25.99722540839089
81.80361092184368,20.22169354240833,20.445518414500484,21.13005065610325,22.31612966578561,23.56182732872273,24.870920865446337,25.966483852958945
82.06413194388777,20.22059354108704,20.443304578624883,21.12441060137442,22.304486774140813,23.543798432550815,24.846104227913045,25.93593724614039
82.32465296593186,20.219500681684252,20.44110511372704,21.11880713800563,22.292919249111087,23.525885740913168,24.821446464531505,25.905584687652116
82.58517398797595,20.218414913506635,20.43891991762149,21.113240027725737,22.281426627670243,23.508088578843783,24.796946662262087,25.875425144910338
82.84569501002004,20.217336194346657,20.4367489159485,21.10770905205443,22.270008467831396,23.490406302095693,24.772604067277584,25.84545776099184
83.10621603206413,20.21626447708008,20.434592003239835,21.10221397304099,22.25866431563844,23.472838245854874,24.748417824668252,25.815681529087264
83.36673705410821,20.21519971214618,20.43244908516826,21.096754558392618,22.247393691569343,23.455383727269187,24.72438704360514,25.78609556647035
83.6272580761523,20.214141856678978,20.43032007675722,21.091330577799773,22.236196165884223,23.43804208289415,24.700510872270357,25.75669875914997
83.88777909819639,20.213090861693146,20.428204876223816,21.085941788971965,22.22507123788791,23.42081260527381,24.676788434465266,25.727490184984703
84.14830012024048,20.212046684021168,20.426103399477917,21.080587978219583,22.214018485115012,23.40369465264275,24.653218849360606,25.698468788237363
84.40882114228457,20.21100927333974,20.424015545870162,21.07526889639128,22.20303742163702,23.38668752634956,24.62980130403838,25.669633660444646
84.66934216432865,20.20997858460278,20.42194122523661,21.069984315741024,22.192127586582245,23.36979053533139,24.606534822266354,25.6409836639736
84.92986318637274,20.208954573858477,20.419880349539824,21.06473401460194,22.181288534890534,23.353003025249308,24.58341857909665,25.612517846224854
85.19038420841683,20.207937193022396,20.41783282327323,21.059517752502344,22.17051978763965,23.336324269260324,24.560451662460125,25.584235148408084
85.45090523046092,20.206926396204466,20.415798550826537,21.05433529055999,22.159820868816183,23.319753585688247,24.53763309862562,25.556134437223093
85.711426252505,20.205922138877824,20.413777447917276,21.049186416905215,22.149191350406227,23.303290325029934,24.514962108493002,25.528214819149767
85.9719472745491,20.204924372141583,20.41176941440954,21.04407088310512,22.13863073188557,23.28693372613779,24.492437704591737,25.500475094116858
86.23246829659318,20.2039330531436,20.40977436092433,21.038988458974963,22.1281385736864,23.270683155814076,24.470059027962826,25.472914317037223
86.49298931863727,20.20294813577958,20.407792199707757,21.033938926522296,22.117714410883508,23.254537907445226,24.447825153741853,25.445531361018908
86.75351034068136,20.20196957357993,20.405822839403115,21.02892205246178,22.10735777505036,23.238497279750987,24.425735156817645,25.418325165579517
87.01403136272545,20.20099732312319,20.403866185265656,21.02393760451416,22.097068206664446,23.222560589512497,24.403788143215735,25.39129465713564
87.27455238476954,20.200031337972945,20.40192214973446,21.01898535808286,22.086845254884942,23.20672715318034,24.381983200979235,25.364438758673323
87.53507340681362,20.19907157065974,20.399990641851083,21.0140650817465,22.076688448579574,23.19099626952852,24.360319412089552,25.33775640512407
87.79559442885771,20.198117983134708,20.3980715699362,21.009176548346957,22.06659732908166,23.17536724272224,24.338795849504137,25.31124648316988
88.0561154509018,20.197170527292116,20.396164851976607,21.00431954397979,22.05657145840547,23.159839411753907,24.31741162545532,25.28490795222649
88.31663647294589,20.19622915841829,20.3942703928084,20.999493832586666,22.046610377078935,23.14441207015785,24.296165831402334,25.2587397147568
88.57715749498998,20.195293829464717,20.392388098396296,20.994699189882354,22.036713579990277,23.129084492611618,24.275057462056573,25.23274058329993
88.83767851703406,20.194364500477285,20.39051788851623,20.98993539271892,22.026880690173854,23.11385607154495,24.254085741856272,25.20690964804038
89.09819953907815,20.193441125585935,20.38865967454626,20.98520222495486,22.017111198185525,23.098726069448816,24.23324961005983,25.181245580885005
89.35872056112224,20.192523663484856,20.38681336353745,20.980499451577316,22.00740466475567,23.083693783217342,24.21254829849714,25.155747621768747
89.61924158316633,20.1916120678058,20.38497887364504,20.97582686340185,21.997760662126943,23.068758587505144,24.191980810718754,25.130414421467435
89.87976260521042,20.190706297556588,20.38315611878133,20.971184244539742,21.988178739694717,23.05391978027177,24.17154624255741,25.105244960816535
90.1402836272545,20.189806309760883,20.3813450060548,20.966571354802845,21.978658427216928,23.039176676466383,24.151243713745515,25.08023817223515
90.40080464929859,20.188912058726885,20.37954545206773,20.961987992083515,21.969199280554243,23.024528594535838,24.131071887747225,25.055392869511707
90.66132567134268,20.188023503843418,20.377757373047032,20.957433941165505,21.959800892148124,23.009974883414202,24.111031022973066,25.030708118784354
90.92184669338677,20.18714060262468,20.37598068171249,20.952908979718835,21.95046279249312,22.995514857123396,24.09111910256584,25.006182746328207
91.18236771543086,20.186263313746082,20.374215294570902,20.948412897402996,21.941184547168234,22.981147842967232,24.07133556477961,24.98181565286714
91.44288873747495,20.185391592277128,20.372461128828753,20.943945470397225,21.93196572106521,22.96687317765177,24.051679542029817,24.95760581361146
91.70340975951903,20.184525401186946,20.370718097182447,20.939506495778772,21.922805874014472,22.95269018766735,24.03215009469826,24.933552075008308
91.96393078156312,20.183664694037567,20.368986120945024,20.93509576356135,21.913704593282375,22.938598245984394,24.012746398685493,24.90965344490173
92.22445180360721,20.18280943378538,20.367265112863542,20.930713058918833,21.904661426166143,22.924596658797867,23.99346749865844,24.885908779028796
92.4849728256513,20.18195957726887,20.365554991762572,20.92635816887382,21.895675948266366,22.91068477305363,23.974312527855773,24.862317020543585
92.74549384769539,20.181115084912335,20.363855676192706,20.922030892873515,21.8867477366718,22.896861945705623,23.955280607069298,24.838877108992946
93.00601486973947,20.180275916522064,20.362167087815983,20.91773102372359,21.877876375340094,22.883127535246103,23.936370872853324,24.815588004636922
93.26653589178356,20.179442027817927,20.36048913196646,20.91345833334367,21.86906139505905,22.86948083630368,23.91758236065187,24.792448539423397
93.52705691382765,20.178613381495346,20.35882174658056,20.909212648103377,21.860302439764922,22.855921279691046,23.898914290561393,24.769457744872703
93.78757793587174,20.177789939635076,20.357164843192834,20.904993748027266,21.851599064098295,22.84244819930762,23.880365754553992,24.74661457172509
94.04809895791583,20.17697166155802,20.355518343495092,20.900801445600123,21.84295085049834,22.829060944373524,23.861935906136225,24.7239179113391
94.30861997995991,20.176158504953847,20.35388216779792,20.8966355275969,21.834357390315375,22.815758889967668,23.843623861514544,24.701366772120004
94.569141002004,20.175350436172195,20.352256229805334,20.892495772761123,21.82581823864271,22.8025413549908,23.825428700518188,24.678959970801785
94.82966202404809,20.174547412783262,20.350640464019435,20.888382019311294,21.817333038045547,22.78940777955367,23.807349660958167,24.65669662503752
95.09018304609218,20.173749398079096,20.34903478935466,20.884294059601487,21.808901369206872,22.776357525033376,23.78938587753008,24.634575652135624
95.35070406813627,20.172956351906848,20.347439123979143,20.880231683680023,21.8005228008437,22.76338992684093,23.771536424691917,24.61259595538992
95.61122509018035,20.17216823868955,20.345853397078862,20.876194733751746,21.79219698777264,22.750504457540217,23.75380058569396,24.590756627092276
95.87174611222444,20.17138501796984,20.34427753282118,20.872182947922035,21.783923450976495,22.737700356951734,23.73617738219442,24.56905650129289
96.13226713426853,20.17060665482706,20.342711450237815,20.868196195167457,21.775701852902735,22.724977149788934,23.7186660671415,24.547494657750654
96.39278815631262,20.169833107273135,20.341155075676483,20.864234256395633,21.76753177493117,22.712334165194846,23.701265782402174,24.526070054473024
96.65330917835671,20.169064344266346,20.33960833955949,20.860296959180516,21.759412841943785,22.699770794714297,23.683975688909918,24.50478165280451
96.9138302004008,20.168300328120097,20.33807116861894,20.856384106433232,21.751344674343187,22.687286483839124,23.666794993017774,24.483628478737273
97.17435122244488,20.16754101903117,20.336543480922167,20.852495501574566,21.743326842039963,22.674880565178334,23.64972285255105,24.462609518581147
97.43487224448897,20.166786383409203,20.335025206535818,20.848630969601572,21.73535899011032,22.66255249491377,23.632758470654068,24.441723807955597
97.69539326653306,20.16603638529395,20.3335162798299,20.844790327942704,21.72744074482012,22.65030168032552,23.615901028821092,24.420970306177097
97.95591428857715,20.165290987706925,20.332016622705723,20.840973384985517,21.71957171286796,22.638127517470622,23.599149726910227,24.400348062378725
98.21643531062124,20.164550155375025,20.330526164192285,20.83717996413533,21.711751520690456,22.62602942895049,23.582503755572333,24.37985608069644
98.47695633266532,20.16381385485687,20.329044836630302,20.83340988276433,21.703979799542992,22.614006853953974,23.565962344201424,24.359493415927986
98.73747735470941,20.1630820496228,20.32757256466325,20.82966295842023,21.696256177487143,22.60205919606777,23.549524683027897,24.339259069444658
98.9979983767535,20.162354703062213,20.326109289941137,20.825939031642676,21.688580277638934,22.590185887001837,23.533189992117606,24.31915209778854
99.25851939879759,20.161631788423918,20.32465492809333,20.822237892989087,21.68095173734558,22.578386358966455,23.516957496356596,24.299171509218183
99.51904042084168,20.160913265088737,20.323209415900138,20.818559387178652,21.67337018738916,22.566660053568754,23.500826387014826,24.279316397484884
99.77956144288576,20.16019909576712,20.32177268712904,20.814903331985292,21.665835272704186,22.55500639356947,23.484795925410964,24.259585782970447
100.04008246492987,20.15948925717528,20.320344679380078,20.811269576389563,21.658346662571795,22.543424895662667,23.468865394120627,24.239978793236567
100.30060348697396,20.158783707680143,20.318925310183147,20.80765791247105,21.65090393773872,22.531914875436385,23.453033905780543,24.220494350400493
100.56112450901804,20.15808241779463,20.317514530923248,20.804068205326885,21.643506821385763,22.520475928475292,23.437300854081542,24.201131699801564
100.82164553106213,20.157385354249,20.3161122627547,20.80050026057291,21.636154899301523,22.509107400713837,23.421665370711906,24.18188978587837
101.08216655310622,20.156692482881297,20.31471844355572,20.796953920813912,21.628847849741405,22.497808790893558,23.40612676920638,24.162767750136723
101.34268757515031,20.15600377296753,20.313333008923962,20.79342901611966,21.621585325449935,22.486579584385986,23.390684297475687,24.14376468915016
101.6032085971944,20.15531919277811,20.311955894689,20.7899253866766,21.614366983953943,22.475419218990133,23.37533722182023,24.124879676366817
101.86372961923848,20.154638708559744,20.31058703581973,20.786442863145155,21.607192488656715,22.46432717781932,23.360084808565986,24.106111826471547
102.12425064128257,20.15396229082016,20.30922636908805,20.78298128780861,21.600061497493073,22.453302934330253,23.344926343606396,24.08746023527852
102.38477166332666,20.153289908765217,20.307873835255428,20.77954050432897,21.59297368813145,22.44234598161708,23.329861105655567,24.06892403262117
102.64529268537075,20.152621526575544,20.306529361860257,20.776120330333548,21.585928697034305,22.431455767854146,23.314888354398406,24.05050232049119
102.90581370741484,20.15195711977644,20.305192894628206,20.772720630851325,21.57892623337615,22.420631807258403,23.300007421799705,24.032194264660063
103.16633472945892,20.15129665171503,20.303864368471878,20.76934123470432,21.571965929551638,22.40987358349203,23.285217572862088,24.013998918443676
103.42685575150301,20.150640097597474,20.30254372451114,20.76598197942758,21.565047472214175,22.399180576565115,23.270518101709897,23.995915475342116
103.6873767735471,20.149987423734295,20.301230901768406,20.76264273036017,21.55817056167392,22.388552301798192,23.255908344606866,23.977943062280133
103.94789779559119,20.149338600889536,20.29992583753068,20.759323317209294,21.551334859521518,22.37798825022402,23.2413875834688,23.960080828991835
104.20841881763528,20.14869360196603,20.298628478567387,20.756023602463486,21.54454006183113,22.367487955473415,23.226955175304937,23.942327987697325
104.46893983967936,20.148052394388145,20.29733875740262,20.752743417420312,21.537785829525404,22.357050875791742,23.212610381890308,23.92468356618331
104.72946086172345,20.14741494786417,20.296056620532994,20.749482617774035,21.53107186948334,22.346676579482356,23.198352575102362,23.9071468727967
104.98998188376754,20.146781239753935,20.294782007756936,20.746241061022673,21.52439786631527,22.336364520996213,23.18418107344459,23.88971699517117
105.25050290581163,20.146151235185172,20.29351486247795,20.743018590864168,21.517763507511503,22.326114267683757,23.170095198562848,23.87239313669734
105.51102392785572,20.145524911116908,20.292255127718718,20.739815073680106,21.51116851538778,22.315925367165953,23.156094361905936,23.8551745422277
105.7715449498998,20.144902233121485,20.291002745288566,20.73663034211779,21.50461253358214,22.30579725510063,23.142177769900364,23.838060281164843
106.0320659719439,20.144283179452295,20.289757658318223,20.733464273368675,21.49809530740393,22.29572955464708,23.12834490838882,23.821049660441645
106.29258699398798,20.14366771523352,20.288519814762694,20.73031671062305,21.49161652870569,22.285721773404575,23.11459506506882,23.804141846206036
106.55310801603207,20.143055820102646,20.287289154084476,20.72718751786161,21.485175897624224,22.27577342268259,23.100927622251902,23.7873360177611
106.81362903807616,20.14244746446112,20.286065626878255,20.724076559994103,21.47877313263473,22.265884085183004,23.0873419554879,23.77063147817769
107.07415006012025,20.141842618557547,20.284849171193855,20.720983676622183,21.47240790571383,22.256053266116652,23.073837393394008,23.7540272990165
107.33467108216433,20.14124126001984,20.283639742291044,20.717908761007095,21.466079985500144,22.246280574259742,23.060413383376655,23.737522871363794
107.59519210420842,20.14064335898884,20.28243727941154,20.714851647487123,21.459789036156778,22.236565500100866,23.0470692331714,23.721117330031618
107.85571312625251,20.140048891609624,20.281241731956385,20.711812210679852,21.453534806455423,22.22690764388983,23.03380438012259,23.704809962802386
108.1162341482966,20.139457829113837,20.280053047314652,20.70879032209173,21.447317001797025,22.217306545900854,23.02061819308132,23.68859998416928
108.37675517034069,20.13887014654702,20.27887117091941,20.705785832986415,21.44113533020279,22.207761765497224,23.00751004530877,23.672486643321633
108.63727619238477,20.138285819403208,20.27769605681643,20.702798627571042,21.434989546053345,22.198272901751665,22.99447939586898,23.656469242742688
108.89779721442886,20.13770482325522,20.27652765041897,20.699828571824938,21.428879368075428,22.188839504322715,22.98152561166914,23.640547006788765
109.15831823647295,20.137127126787377,20.275365898643976,20.69687551597714,21.422804505164024,22.17946114071715,22.968648103624197,23.62471921593651
109.41883925851704,20.136552713599144,20.274210753416114,20.693939361530866,21.416764701543322,22.170137411937887,22.955846286020034,23.608985132566453
109.67936028056113,20.13598155133944,20.273062164145067,20.69101995207268,21.410759682150008,22.160867896668762,22.943119608907153,23.593344089804333
109.93988130260522,20.135413621140316,20.27192008179079,20.688117180177713,21.40478920549245,22.151652172321164,22.930467475741267,23.57779534836584
110.2004023246493,20.134848894550885,20.270784449515972,20.685230903906486,21.398852964153185,22.142489792389753,22.917889257709092,23.562338063306115
110.46092334669339,20.134287349915503,20.26965523557587,20.6823610076179,21.3929507443124,22.13338042765845,22.90538449457442,23.546971692673978
110.72144436873748,20.13372896042135,20.268532379165975,20.679507362550865,21.387082259786773,22.12432360130132,22.892952549251746,23.53169560214411
110.98196539078157,20.13317370536599,20.267415837821495,20.67666985932381,21.38124725733772,22.115318955535585,22.880592901771465,23.516508923457984
111.24248641282566,20.132621559327077,20.266305555107323,20.673848352762462,21.375445476347636,22.106366065184126,22.8683049608885,23.501411053279213
111.50300743486974,20.132072500321947,20.265201494350862,20.67104275081698,21.36967670812396,22.097464579211646,22.856088251875278,23.486401348169807
111.76352845691383,20.131526504045226,20.26410360233678,20.668252907226005,21.36394065137968,22.08861407149186,22.84394216028879,23.471479068559475
112.02404947895792,20.1309835461703,20.26301183347445,20.665478714345625,21.35823707146696,22.079814149280104,22.831866174484404,23.456643579929825
112.28457050100201,20.130443610328953,20.26192614647848,20.662720061530614,21.352565748659572,22.071064450532347,22.819859765068074,23.44189419744518
112.5450915230461,20.129906667646637,20.260846493532654,20.65997682125473,21.346926410998975,22.062364586978305,22.807922410358096,23.427230302162876
112.80561254509018,20.12937269577806,20.259772826110627,20.657248886819886,21.341318829679707,22.053714190006247,22.796053546360326,23.412651203756823
113.06613356713427,20.128841675553694,20.25870510496165,20.654536132300997,21.335742762050515,22.04511286628464,22.784252688688667,23.398156296050686
113.32665458917836,20.128313582955933,20.257643279355115,20.65183844836747,21.33019796426369,22.03656024708232,22.7725192948877,23.38374488876667
113.58717561122245,20.127788396682575,20.256587310729515,20.649155729028664,21.324684217484936,22.028055982986835,22.760852887753927,23.369416395724826
113.84769663326654,20.127266095227,20.25553715017881,20.64648785385812,21.319201270710288,22.019599682313967,22.749252927343846,23.355170143643477
114.10821765531063,20.12674665888688,20.25449276316597,20.64383472031615,21.31374891154634,22.011191018523746,22.73771893685433,23.34100554846173
114.36873867735471,20.126230065661872,20.253454101846643,20.641196216931142,21.308326904687263,22.00282961072555,22.726250412353693,23.3269219726432
114.6292596993988,20.125716292711125,20.252421122087,20.63857222822225,21.302935015200532,21.99451509765096,22.714846828248355,23.312918775410438
114.88978072144289,20.125205320325186,20.25139378494019,20.635962654913527,21.29757302361982,21.986247142042558,22.70350772800768,23.29899540057521
115.15030174348698,20.124697126525845,20.250372042905283,20.633367379390364,21.292240696734744,21.97802537981825,22.692232582760766,23.285151175569894
115.41082276553107,20.124191694672817,20.24935586595548,20.630786308764044,21.28693783711489,21.969849491785226,22.68102100324296,23.2713855827934
115.67134378757515,20.123689000380587,20.248345201944957,20.628219329228408,21.281664203520464,21.961719092408913,22.669872407720547,23.257697956905687
115.93186480961924,20.12318902519172,20.247340016428105,20.62566633799573,21.276419588741746,21.953633877719483,22.658786381775677,23.244087762129162
116.19238583166333,20.122691748718964,20.24634026627863,20.623127230306572,21.271203768159637,21.945593490319936,22.64776241730415,23.230554380449902
116.45290685370742,20.122197151560584,20.245345912739865,20.620601913621933,21.26601654206008,21.93759760709078,22.636800082200338,23.21709723480643
116.7134278757515,20.12170521483914,20.24435691609539,20.618090275480156,21.26085769599034,21.929645902433457,22.625898915106717,23.203715789628774
116.9739488977956,20.12121591880802,20.243373238768726,20.615592221749893,21.255727005149822,21.921738006800794,22.615058416771816,23.19040941602725
117.23446991983968,20.120729244325062,20.24239484036719,20.613107647974196,21.25062427846963,21.91387364797521,22.604278168995023,23.17717757133353
117.49499094188377,20.120245168441116,20.241421680418277,20.610636457918716,21.245549301384386,21.90605247849195,22.59355772599416,23.16401975006469
117.75551196392786,20.11976367898896,20.24045372474994,20.60817854901738,21.24050186906534,21.898274167302986,22.582896623590557,23.150935310308064
118.01603298597195,20.11928475154626,20.239490932357526,20.605733844718692,21.23548178809571,21.89053843969728,22.572294455823567,23.137923806304485
118.27655400801603,20.118808368900034,20.238533268417086,20.60330220801088,21.230488851649596,21.882844920184304,22.561750712145475,23.124984589854748
118.53707503006012,20.118334517747897,20.237580694809125,20.600883590682514,21.225522850512775,21.875193322117603,22.5512650131017,23.11211716502585
118.79759605210421,20.117863171389402,20.23663317538103,20.598477866348958,21.220583619065536,21.86758338651103,22.540836942471046,23.099321035661163
119.0581170741483,20.11739431621959,20.235690668396046,20.59608495696856,21.215670913743217,21.860014714931474,22.530465994058247,23.08659557374731
119.31863809619239,20.11692793451288,20.23475314443229,20.593704749400686,21.210784569618248,21.852487057864423,22.520151827029594,23.073940329266307
119.57915911823648,20.116464008416585,20.233820565600936,20.59133718762007,21.205924408660053,21.845000136900175,22.509893996357448,23.061354782415933
119.83968014028056,20.116002522117626,20.232892895324284,20.588982153165638,21.20109021690365,21.837553599294694,22.499692096695,23.048838395680505
120.10020116232465,20.115543452516214,20.23197009956074,20.586639553767412,21.19628180979828,21.83014718446782,22.48954566672125,23.036390646085763
120.36072218436874,20.11508678530555,20.231052136457166,20.58430930406186,21.19149901113049,21.82278057202828,22.479454342422443,23.024011028897313
120.62124320641283,20.114632505631235,20.230138983722526,20.58199132891764,21.186741593989055,21.81545351416132,22.4694177286529,23.011699048795357
120.88176422845692,20.114180592976112,20.229230598439756,20.579685521206798,21.182009426512906,21.80816564309187,22.459435367590878,22.999454193324965
121.142285250501,20.113731033831513,20.228326951412406,20.577391807149368,21.177302308745737,21.800916764202668,22.44950691344171,22.987276000113532
121.40280627254509,20.11328380863594,20.2274280038028,20.57511009657513,21.17262006812024,21.793706562028802,22.439631966677453,22.975163960614488
121.66332729458918,20.1128389005354,20.226533724593097,20.572840292795696,21.167962485811984,21.78653470748472,22.429810069962514,22.963117532607484
121.92384831663327,20.11239629470424,20.225644085605133,20.57058233543607,21.163329451211133,21.779401027456373,22.42004097265218,22.95113636418889
122.18436933867736,20.111955975875972,20.224759043100583,20.5683361131234,21.15872072654794,21.772305135012388,22.410324152963597,22.939219854856468
122.44489036072144,20.111517925597283,20.223878572762473,20.56610156492306,21.15413615881002,21.76524681785525,22.400659291219085,22.92736756330097
122.70541138276553,20.111082130235488,20.223002640285472,20.563878586666426,21.149575593105183,21.758225793940433,22.39104600076098,22.915579053082865
122.96593240480962,20.110648569497343,20.222131211973107,20.56166711327279,21.14503884145452,21.751241803459777,22.38148390319502,22.903853856732454
123.22645342685371,20.11021723081418,20.221264262405384,20.559467050178746,21.14052571673909,21.744294541796208,22.371972656206296,22.89219144954796
123.4869744488978,20.109788102154937,20.220401749328744,20.557278331755285,21.136036104028108,21.737383806490755,22.362511888341764,22.880591479701565
123.74749547094189,20.10936116175104,20.219543651086298,20.555100871304475,21.13156977352824,21.730509273915388,22.353101157190977,22.869053385826057
124.00801649298597,20.10893639705506,20.218689932673968,20.552934588582573,21.12712659454182,21.723670743265515,22.343740217710113,22.85757677432059
124.26853751503006,20.10851379322395,20.21784057078107,20.550779408413447,21.122706419133245,21.716867930308453,22.33442865000803,22.846161203580145
124.52905853707415,20.10809333811543,20.216995523438783,20.54863525133775,21.118309051592817,21.710100566591024,22.32516608728806,22.83480621124896
124.78957955911824,20.107675007856173,20.21615476327601,20.546502030124678,21.11393433040449,21.703368403282738,22.315952192667012,22.82351136153035
125.05010058116233,20.107258795873065,20.21531826753759,20.544379679993405,21.109582106790285,21.69667120545237,22.30678661374113,22.812276222961152
125.31062160320641,20.106844684081487,20.214485997612996,20.54226811109497,21.105252223938116,21.69000869878927,22.297669015604853,22.80110037754732
125.5711426252505,20.106432659756685,20.21365793413647,20.54016727958674,21.100944532324647,21.683380696471005,22.288599061326323,22.789983405077948
125.83166364729459,20.106022706525252,20.212834036553417,20.538077081275347,21.09665888155382,21.67678689396734,22.279576410157553,22.77892487375358
126.09218466933868,20.105614813569773,20.212014284931286,20.53599745392423,21.092395084085425,21.670227060732643,22.270600683412482,22.767924322288593
126.35270569138277,20.105208960002486,20.21119864996006,20.533928316836707,21.088152978584404,21.663700951940456,22.2616714503514,22.756981336900125
126.61322671342685,20.10480513828074,20.210387094302533,20.531869602765475,21.083932498984062,21.657208381204597,22.25278878260599,22.746095632694193
126.87374773547094,20.10440333361649,20.209579602916442,20.529821244996555,21.07973341995485,21.650749063401648,22.24395195015903,22.735266672930507
127.13426875751503,20.104003531870582,20.208776141417772,20.527783165328195,21.075555608463034,21.64432278136428,22.235160741062018,22.724494094789335
127.39478977955912,20.103605714687568,20.20797668142815,20.525755298398906,21.071398920024464,21.637929307169173,22.22641487492593,22.71377750689375
127.6553108016032,20.10320987220294,20.2071811964732,20.523737562584664,21.067263192684052,21.63156838269947,22.21771396759477,22.703116458041436
127.9158318236473,20.102815994258094,20.206389662916976,20.521729902395677,21.063148319691365,21.62523982470872,22.209057771349208,22.692510624479922
128.17635284569138,20.102424063623275,20.205602051383984,20.519732245819455,21.059054132133113,21.618943396840905,22.200445955547778,22.68195959242992
128.43687386773547,20.10203406489989,20.204818331131804,20.51774451812367,21.05498048216684,21.612678853345592,22.191878164047168,22.67146295867932
128.69739488977956,20.10164598997219,20.20403848084557,20.515766652267757,21.050927232852615,21.606445981134733,22.183354125809892,22.661020341486314
128.95791591182365,20.10125982393518,20.20326247584812,20.513798589905846,21.04689425475972,21.60024458022275,22.17487353598402,22.650631385905093
129.21843693386774,20.100875554221375,20.202490283449166,20.5118402588691,21.042881396726514,21.594074417409217,22.166436077484505,22.64029570681636
129.47895795591182,20.10049316913748,20.20172188519514,20.509891589754446,21.038888532167846,21.587935274984687,22.15804146712935,22.630012893773554
129.7394789779559,20.100112649488395,20.200957248248102,20.507952517579696,21.034915517388,21.581826925633138,22.149689386704296,22.61978259995341
130.0,20.099733993249096,20.20019635712756,20.506022994216522,21.03096222498357,21.57574921101574,22.141379571594427,22.60960450951437
