time_hr,R=1.5__t=1hr,R=1.5__t=3hr,R=1.5__t=5hr,R=1.5__t=7.5hr,R=3.5__t=1hr,R=3.5__t=3hr,R=3.5__t=5hr,R=3.5__t=7.5hr
1e-05,18.0,18.0,18.0,18.0,18.0,18.0,18.0,18.0
0.2605310220440882,18.0,18.0,18.0,18.0,18.0,18.0,18.0,18.0
0.5210520440881763,17.99999999999995,17.99999999999995,17.99999999999995,17.99999999999995,18.0,18.0,18.0,18.0
0.7815730661322645,17.999999999995495,17.999999999995282,17.999999999995282,17.999999999995282,18.0,18.0,18.0,18.0
1.0420940881763527,17.999999999963123,17.999999999954063,17.999999999954056,17.999999999954056,18.0,18.0,18.0,18.0
1.3026151102204409,17.99999999982014,17.999999999755147,17.99999999975345,17.99999999975345,17.999999999999886,17.999999999999872,17.999999999999872,17.999999999999872
1.5631361322645292,17.999999993747522,17.999999993545686,17.999999993519623,17.99999999351948,17.999999999999183,17.99999999999897,17.999999999998963,17.999999999998963
1.8236571543086173,17.999999848964876,17.999999848568365,17.999999848449754,17.999999848442258,17.999999999996824,17.999999999995346,17.999999999995282,17.999999999995282
2.0841781763527054,17.99999830921665,17.999998308617492,17.999998308329353,17.99999830826981,17.999999999991616,17.99999999998589,17.999999999985313,17.999999999985306
2.3446991983967935,17.999988885945335,17.99998888501689,17.99998888452454,17.999988884321453,17.999999999982762,17.999999999967486,17.999999999964544,17.999999999964366
2.6052202204408816,17.9999497590319,17.99994974723881,17.999949746554634,17.99994974612501,17.999999999969532,17.999999999937714,17.99999999992834,17.999999999926985
2.8657412424849698,17.99982724500188,17.999827010953865,17.99982701011625,17.999827009433787,17.9999999999415,17.99999999988583,17.99999999986379,17.999999999858225
3.1262622645290583,17.999517151985103,17.999514787309167,17.99951478636607,17.99951478545539,17.99999999979437,17.99999999970843,17.999999999666407,17.999999999650754
3.3867832865731464,17.998852207297247,17.998837707352976,17.998837706347103,17.998837705263703,17.99999999884747,17.999999998726466,17.999999998657444,17.99999999862348
3.6473043086172345,17.997603327633776,17.99754095602114,17.997540955001668,17.997540953792758,17.999999993861657,17.999999993701685,17.999999993599943,17.99999999353856
3.9078253306613226,17.99549712469613,17.99529021873377,17.99529021768346,17.995290216428927,17.99999997282106,17.999999972603796,17.999999972465517,17.99999997236833
4.16834635270541,17.99224530219019,17.991681122911444,17.991681121894793,17.991681120602394,17.9999998992909,17.999999898853886,17.999999898677217,17.99999989853773
4.428867374749498,17.98757781268953,17.986255847334405,17.986255845508964,17.986255844207506,17.99999967969167,17.99999967797983,17.999999677764684,17.999999677578785
4.6893883967935865,17.981271994332182,17.978523839816646,17.978523806584192,17.97852380523561,17.999999104788984,17.999999096679957,17.99999909642773,17.99999909619372
4.949909418837675,17.973172811556736,17.967984002990747,17.9679834752655,17.96798347401098,17.999997758491503,17.999997724282558,17.99999772399569,17.999997723714003
5.210430440881763,17.963202669402733,17.95414743008469,17.954142980332975,17.954142978867154,17.99999489210461,17.999994769015572,17.999994768697235,17.999994768369973
5.470951462925851,17.95136177284246,17.936561968954315,17.936537949178515,17.936537948399717,17.99998926949325,17.999988886073524,17.999988885727177,17.999988885357723
5.731472484969939,17.93772132108542,17.91483995490156,17.914745758638603,17.9147457585196,17.9999789960914,17.999977940263015,17.999977939889476,17.999977939481894
5.991993507014027,17.922412167697907,17.888687543002945,17.88839595827187,17.888395957561286,17.99996135015691,17.999958731862264,17.99995873142774,17.999958730986563
6.252514529058116,17.90561131524531,17.857930934863617,17.857177002327518,17.85717700145532,17.999932636671538,17.99992669927036,17.999926698469295,17.9999266979992
6.513035551102204,17.887528077435476,17.822534167831478,17.82083971143443,17.8208397057939,17.999888082541915,17.99987561558374,17.999875612608115,17.99987561211364
6.773556573146292,17.86839115730826,17.78260510518487,17.779198064622534,17.779197968070356,17.999821786999625,17.999797298525714,17.999797285274823,17.999797284761407
7.0340775951903804,17.848437373666385,17.738389219648468,17.732128443733558,17.7321273165645,17.999726734621298,17.999681354516696,17.999681301796464,17.999681301269433
7.294598617234469,17.827902368546006,17.690253200086303,17.679569772842882,17.67956177211316,17.999594871577024,17.999514978204786,17.999514797812132,17.999514797270194
7.555119639278557,17.80701334890267,17.63866169444554,17.621528047169477,17.621489550235182,17.999417239677314,17.99928282805277,17.9992822894298,17.99928228888119
7.815640661322645,17.78598373633703,17.584150712190812,17.558086873669055,17.557948067642307,17.999184158232083,17.998966995940037,17.998965564865586,17.998965564305593
8.076161683366733,17.765009503551283,17.52730071763999,17.489421859677442,17.48901853767449,17.998885440928802,17.99854708375848,17.99854364133732,17.998543640688347
8.336682705410821,17.74426693060429,17.468711640075583,17.415813284655485,17.414820348500044,17.998510633823592,17.998000392877472,17.99799278783287,17.997992786527092
8.59720372745491,17.723911511865126,17.40898119128164,17.337652397217425,17.33550548302398,17.998049260852923,17.997302224005878,17.997286611850726,17.997286606873665
8.857724749498997,17.70407776006182,17.34868715999525,17.255438071072255,17.25125327621317,17.997491064627994,17.996426276567817,17.996396207269797,17.996396186105926
9.118245771543085,17.684879683366553,17.288373820446182,17.1697640560712,17.162265526774497,17.996826232299128,17.995345129502184,17.995290361113923,17.9952902813
9.378766793587173,17.666411744726275,17.22854222108407,17.081298896286214,17.068761995975635,17.996045598616462,17.994030780194507,17.993935818641276,17.993935558099885
9.639287815631262,17.64875014727604,17.16964391305369,16.99076157519731,16.970977536274738,17.995140820700087,17.992455215536765,17.992297607832462,17.992296860395655
9.89980883767535,17.631954317349823,17.11207758852585,16.898895933306804,16.86916353338455,17.994104521261846,17.990590988819612,17.990339424684635,17.990337504986243
10.160329859719438,17.61606849357539,17.05618805672205,16.806446329049095,16.76359617262247,17.99293039897455,17.98841177798299,17.98802407904273,17.98801959265647
10.420850881763526,17.601123341555052,17.00226703793051,16.71413624837853,16.654591481013455,17.991613306318754,17.985892904127503,17.985313997068033,17.985304328894173
10.681371903807614,17.587137543397546,16.95055530503363,16.622650769301686,16.542521165794497,17.990149296458917,17.983011793460875,17.982171771529146,17.98215234299694
10.941892925851702,17.57411932558948,16.901245755386554,16.53262324053567,16.427830676177315,17.988535641652717,17.97974837064858,17.978560746129958,17.97852400751009
11.20241394789579,17.56206789483761,16.85448710538664,16.444625997774722,16.311040318346272,17.986770826266593,17.97608537612264,17.974445615895803,17.974379745546926
11.462934969939878,17.550974771356508,16.81038790687984,16.359164772500513,16.192744841535017,17.984854517845875,17.972008604275963,17.969793023160136,17.969680330267792
11.723455991983966,17.5408250070345,16.769020720285283,16.276676232011454,16.073599846780944,17.982787519776707,17.967507063039903,17.964572128088477,17.964387177360294
11.983977014028055,17.531598290441508,16.73042625119338,16.19752803509533,15.954303624787293,17.98057170905838,17.962573058412318,17.95875513395312,17.958462635925343
12.244498036072143,17.523269934393596,16.694617366439147,16.12202086922121,15.835574327715463,17.978209962543232,17.957202209691808,17.952317750131193,17.95187028655483
12.505019058116233,17.515811755903513,16.66158290218116,16.05039191913704,15.71812872743702,17.975706074692404,17.95139340269816,17.94523957954724,17.9445752558564
12.76554008016032,17.50919284979109,16.631291208774215,15.982819330277152,15.602660735223552,17.973064669727393,17.945148689329514,17.9375044217501,17.936544552680672
13.026061102204409,17.503380266733757,16.60369341329907,15.919427266555338,15.489824303250757,17.97029111051171,17.93847314196843,17.929100486837385,17.927747428212555
13.286582124248497,17.498339600847572,16.578726386782094,15.860291309426628,15.380219780145325,17.96739140638479,17.93137467153423,17.920020519850652,17.918155756380727
13.547103146292585,17.494035496739706,16.55631539991637,15.805443888269238,15.274384204290442,17.9643721216667,17.92386381738369,17.91026183856603,17.90774442542601
13.807624168336673,17.490432081670306,16.536376508811045,15.754879679582828,15.172785308486517,17.961240286305554,17.91595351689824,17.899826290359933,17.896491727458006
14.068145190380761,17.487493334267924,16.51881864054515,15.708560717191304,15.075818737344555,17.958003309884454,17.907658861740607,17.88872013626505,17.88437973029162
14.32866621242485,17.48518339079969,16.503545433033395,15.666421245797537,14.983808034221077,17.954668899781694,17.89899684709718,17.87695387137807,17.871394615339312
14.589187234468938,17.483466805056075,16.490456829845897,15.628372196404804,14.89700663871367,17.95124498428227,17.889986119088583,17.864541991498655,17.857526966269887
14.849708256513026,17.482308755549354,16.479450455579723,15.594305270866144,14.815601524724315,17.94773964102464,17.880646725271795,17.85150271683613,17.842771996323243
15.110229278557114,17.48167521969185,16.470422791116235,15.564096639546129,14.739717949805637,17.944161031085414,17.87099987163164,17.837857682511,17.82712970467754
15.370750300601202,17.481533107659438,16.463270170986966,15.53761025062181,14.669424855849783,17.9405173388309,17.861067689251996,17.823631605156805,17.81060495678372
15.63127132264529,17.481850369993047,16.4578896201351,15.5147007458704,14.604740686380516,17.93681671762255,17.850873012978383,17.8088519354133,17.793207487280796
15.891792344689378,17.482596076810843,16.454179547773975,15.495216020771423,14.545639206889838,17.93306724117076,17.840439173766555,17.793548502776908,17.774951826537077
16.152313366733466,17.483740476024337,16.452040319653626,15.478999476815076,14.492055425332708,17.92927686050802,17.829789805909854,17.77775316140189,17.75585715716742
16.412834388777554,17.48525503236334,16.45137471855179,15.465891936686603,14.443891061777194,17.925453366283406,17.818948669889295,17.76149944089815,17.735947105099946
16.673355410821642,17.487112449491846,16.452088308511897,15.455733280011728,14.401019857137442,17.921604356135276,17.807939491030318,17.74482220844841,17.715249476079812
16.93387643286573,17.48928667916534,16.4540897187089,15.448363849386425,14.363292418290754,17.91773720675417,17.79678581426353,17.727757345473208,17.69379594519637
17.19439745490982,17.491752920540364,16.457290855172587,15.443625620176157,14.330540648811628,17.913859050660676,17.785510874501533,17.71034144176992,17.671621710368974
17.454918476953907,17.49448760735254,16.461607052500227,15.441363159831546,14.302581758760788,17.909976756796567,17.774137482241116,17.692611509917192,17.648765118656996
17.715439498997995,17.49746838866143,16.466957168163347,15.441424433774351,14.279221886335932,17.90609691515322,17.762687923907663,17.674604720742146,17.62526727558528
17.975960521042083,17.500674104924137,16.473263642872425,15.443661414490919,14.260259122596153,17.902225824769552,17.751183875799327,17.656358161372843,17.60117164512988
18.23648154308617,17.504084756727934,16.480452512802955,15.447930609188198,14.245486441114565,17.898369484899284,17.739646331316607,17.63790861576767,17.576523648517934
18.49700256513026,17.50768147119095,16.488453401265744,15.454093408709006,14.234693909750838,17.89453358901143,17.728095540419304,17.619292368204583,17.551370268617802
18.757523587174347,17.51144646477809,16.497199474481675,15.46201641593894,14.227670946949459,17.89072352144948,17.716550960287876,17.60054502901049,17.525759665865237
19.018044609218435,17.515363005349087,16.506627383731278,15.471571591059643,14.224207842020604,17.88694435608477,17.70503121598587,17.58170138121583,17.499740808902672
19.278565631262524,17.5194153684765,16.51667719148851,15.482636380525769,14.224097364717437,17.883200857187944,17.69355407136195,17.56279524919225,17.473363126327868
19.53908665330661,17.52358879993084,16.527292277349673,15.495093816870309,14.227135970053062,17.879497482085952,17.682136407759096,17.543859385091196,17.44667617901341
19.7996076753507,17.527869471063923,16.538419239625597,15.508832474307354,14.233124693036615,17.87583838510949,17.670794210811067,17.5249253755224,17.41972935841902
20.060128697394788,17.532244438329357,16.550007783588896,15.52374642683499,14.24187005623233,17.8722274229861,17.65954256406485,17.506023564090377,17.392571610285557
20.320649719438876,17.536701600546706,16.56201061515467,15.539735213990532,14.253184655958314,17.8686681613093,17.64839564856105,17.4871829902294,17.36525118331688
20.581170741482964,17.541229660045836,16.574383316862622,15.55670372865967,14.266887591127357,17.86516388212779,17.637366748244446,17.468431342551256,17.337815405391765
20.841691763527052,17.545818079603336,16.58708422968244,15.574562034785579,14.282804883093618,17.861717591791155,17.62646825945224,17.449794925434446,17.310310486792247
21.10221278557114,17.550457045918236,16.600074331812735,15.593225259811135,14.300769646964227,17.858332030066208,17.61571170478763,17.43129863772758,17.282781345804906
21.36273380761523,17.55513742902245,16.613317120298362,15.612613476767237,14.320622355836555,17.855009679357522,17.605107750689925,17.412965961646073,17.255271462062822
21.623254829659317,17.559850746922272,16.626778488498942,15.632651435985593,14.342210629883901,17.851752774123725,17.59466622746411,17.39481896126759,17.227822751458355
21.883775851703405,17.56458913004286,16.640426612560788,15.65326849840391,14.36538964717056,17.84856331132479,17.584396152353875,17.376878291296485,17.20047546192113
22.144296873747493,17.56934528610349,16.654231832028415,15.674398330204028,14.390021714006366,17.845443060001216,17.574305753755617,17.35916320981935,17.173268093214354
22.40481789579158,17.57411246709428,16.66816653997698,15.69597882437715,14.415976350923174,17.842393571785337,17.564402498271633,17.341691600747495,17.146237331220902
22.66533891783567,17.57888443875175,16.682205073592463,15.717951836683937,14.443130063699051,17.839416191215363,17.554693117846554,17.32447999989995,17.11941800216627
22.925859939879757,17.583655448377705,16.69632360510994,15.740263047934917,14.471366242346562,17.836512065624888,17.54518363831447,17.307543626086265,17.092843042007146
23.186380961923845,17.588420198643092,16.710500049406917,15.76286181547573,14.500574944505047,17.833682155606517,17.535879409397296,17.290896417553775,17.066543481300208
23.446901983967933,17.59317381783827,16.724713953286305,15.785700819844948,14.530652573617367,17.830927244672985,17.526785133134453,17.27455106906492,17.040548440350634
23.70742300601202,17.59791183505949,16.73894641066719,15.808736109284226,14.561501851884955,17.828247949207785,17.517904894588582,17.258519073963413,17.014885140486264
23.96794402805611,17.602630154709814,16.753179973304427,15.831926791572236,14.59303142487407,17.825644728031158,17.509242191182523,17.24281076718386,16.98957891287388
24.228465050100198,17.607325033132938,16.76739855283234,15.855234911160935,14.62515561289603,17.82311789176164,17.50079996264781,17.227435370038066,16.964653240171742
24.488986072144286,17.61199305407753,16.78158735217403,15.878625296515736,14.65779432560607,17.820667611849366,17.492580619804556,17.212401035811837,16.940129778784538
24.749507094188374,17.616631114339228,16.795732783310925,15.902065359422195,14.690872651166885,17.818293929391707,17.48458607386761,17.19771489693153,16.91602840555163
25.010028116232466,17.621236394697164,16.809822386341473,15.925524993951413,14.724320630843991,17.815996763682854,17.476817764182684,17.183383110824465,16.89236725943411
25.270549138276554,17.625806347740706,16.823844769325177,15.948976415108596,14.758073100699491,17.81377592050793,17.469276686421637,17.16941090805753,16.86916280241182
25.531070160320642,17.630338676594285,16.837789531721796,15.972394023852416,14.792069404831892,17.81163109979949,17.461963418723116,17.1558026378408,16.84642986382937
25.79159118236473,17.634831318387185,16.85164720580009,15.995754269432638,14.82625312256306,17.809561903459937,17.45487814829511,17.142561814928897,16.824181702699782
26.052112204408818,17.63928243249402,16.865409192238715,16.019035537528225,14.860571937000657,17.807567842753713,17.448020696927998,17.12969116498229,16.802430068718394
26.312633226452906,17.643690373594424,16.879067722930323,16.042218020662126,14.89497732597345,17.805648344835333,17.441390544365163,17.117192669221282,16.781185262635326
26.573154248496994,17.64805369631624,16.89261576376333,16.06528361525463,14.92942437890337,17.80380275976563,17.434986852498717,17.105067606998134,16.76045619876742
26.833675270541082,17.65237112750863,16.906047012461926,16.088215802601106,14.963871631660638,17.80203036678006,17.428808488684055,17.093316600521504,16.740250469020737
27.09419629258517,17.65664155384897,16.919355817253816,16.110999558266037,14.998280824495332,17.800330380517764,17.42285404619072,17.081939654387234,16.720574405059352
27.35471731462926,17.66086402133582,16.932537149670246,16.133621249517745,15.032616683792462,17.798701955959785,17.417121864866957,17.07093619611888,16.70143314508269
27.615238336673347,17.66503771199048,16.945586553909266,16.156068549897732,15.066846841495405,17.797144195221662,17.411610052763734,17.060305114768063,16.682830691770654
27.875759358717435,17.669161939693943,16.958500105456565,16.178330348813624,15.100941620946514,17.795656151545387,17.406316503357587,17.050044798550076,16.664769977426523
28.136280380761523,17.673236140439627,16.97127438232007,16.20039666914439,15.134873774997295,17.79423683471603,17.40123891409789,17.040153169866244,16.64725292479453
28.39680140280561,17.67725986298747,16.98390642209656,16.222258591973187,15.168618495003074,17.79288521544683,17.39637480356609,17.030627721146104,16.630280505031166
28.6573224248497,17.681232755157723,16.996393685092073,16.243908196405357,15.20215317253377,17.791600230086075,17.391721528420547,17.021465546539886,16.613852794616307
28.917843446893787,17.685154566164783,17.008734035667388,16.26533846267599,15.235457228580643,17.790380784364103,17.387276297821046,17.01266337334245,16.597969037095936
29.178364468937875,17.689025129214528,17.020925703046558,16.28654324197346,15.268512033461349,17.78922575755101,17.383036189191728,17.004217593916053,16.58262769318535
29.438885490981963,17.692844359267923,17.032967258381973,16.307517177444524,15.301300781138934,17.788134005793886,17.37899816093094,16.9961242921746,16.567826492077486
29.69940651302605,17.696612246083262,17.044857578877327,16.328255635831496,15.333808408844575,17.787104365836726,17.37515906670655,16.98837927281781,16.55356248851588
29.95992753507014,17.700328850329605,17.056595844901494,16.34875468435788,15.366021302458009,17.786135657831352,17.37151566604166,16.9809780841219,16.539832106621688
30.220448557114228,17.70399428630673,17.06818149375448,16.36901102709824,15.397927444656297,17.78522668882549,17.36806463838183,16.973916047607453,16.52663119260547
30.480969579158316,17.707608738430714,17.079614215622996,16.38902193858867,15.429516126574114,17.78437625518515,17.364802592189633,16.96718827680978,16.513955053414882
30.741490601202404,17.71117243357662,17.090893919244607,16.408785245549694,15.460777897986063,17.783583145190278,17.36172607521968,16.960789700753665,16.501798501853777
31.002011623246492,17.71468565165506,17.10202073274374,16.428299279228064,15.491704568595438,17.782846141878053,17.35883158544882,16.95471508584683,16.49015590435517
31.26253264529058,17.718148709936784,17.11299496381394,16.447562836956337,15.522288972198993,17.782164024787377,17.356115578846328,16.9489590540081,16.479021211420743
31.52305366733467,17.7215619711626,17.12381710039132,16.466575134956642,15.552525044216736,17.781535572332956,17.353574477956116,16.94351610139124,16.468388000459868
31.783574689378757,17.724925830437883,17.13448778926947,16.48533578907253,15.582407620298241,17.780959563759566,17.351204680780405,16.938380616756923,16.45824950907994
32.04409571142285,17.728240715568177,17.14500782389858,16.503844774366897,15.611932406384653,17.780434780921695,17.349002566466524,16.933546897398664,16.44859867111373
32.304616733466936,17.731507081170577,17.155378120537534,16.52210239154067,15.641095950332343,17.77996000979021,17.34696450471425,16.929009162269892,16.439428141845255
32.565137755511024,17.734725410778474,17.165599730673904,16.540109259420937,15.669895564834519,17.77953404241618,17.345086858353795,16.924761570972045,16.430730350350814
32.82565877755511,17.737896206846585,17.175673799952648,16.55786626148833,15.698329205459657,17.779155677672875,17.343365992246746,16.92079823154991,16.42249748796995
33.0861797995992,17.741019995158446,17.185601578204285,16.57537453598477,15.72639555225173,17.7788237231742,17.341798278435455,16.91711321819632,16.41472157409089
33.34670082164329,17.744097317074022,17.195384400352893,16.592635461104997,15.754093798711573,17.778536996206512,17.340380099951737,16.913700579301405,16.407394464045638
33.60722184368738,17.7471287322646,17.20502368994954,16.609650626262443,15.781423708790825,17.778294324726645,17.339107855997888,16.910554350170187,16.400507872708374
33.867742865731465,17.750114809587444,17.214520923259094,16.626421793487822,15.808385557534663,17.7780945487428,17.337977966848285,16.90766855951719,16.394053399885834
34.12826388777555,17.753056132860664,17.223877648443704,16.64295091153791,15.83498017695318,17.777936520102713,17.336986877190512,16.905037247570533,16.388022552855062
34.38878490981964,17.755953292854855,17.233095468390346,16.659240080403222,15.86120840227823,17.77781910500765,17.336131058723907,16.902654462815207,16.382406761080134
34.64930593186373,17.75880689274161,17.24217603714878,16.675291542912284,15.887072085695522,17.77774118363142,17.335407016293814,16.90051428079883,16.377197399657987
34.90982695390782,17.7616175321819,17.251121037180596,16.6911076550098,15.91257298200761,17.777701650579566,17.334811287563866,16.8986108029584,16.37238580339171
35.170347975951906,17.764385832486184,17.25993220209832,16.706690903480776,15.937713268695447,17.777699416115226,17.334340447879725,16.896938169208042,16.367963283292404
35.430868997995994,17.767112401444948,17.26861128168676,16.72204384558023,15.96249546926223,17.77773340632134,17.33399111228823,16.895490561995516,16.36392114284331
35.69139002004008,17.76979785819745,17.277160061063398,16.737169149546737,15.986922303711651,17.777802563816238,17.333759937311058,16.894262211920463,16.360250689582514
35.95191104208417,17.77244282530343,17.285580343996557,16.752069543648062,16.010996752553517,17.77790584789564,17.333643623684864,16.893247402780453,16.35694325079603
36.21243206412826,17.775047917049413,17.293873941846613,16.76674782301977,16.034722049754677,17.778042234242307,17.33363891505911,16.89244047584377,16.3539901811096
36.472953086172346,17.777613758217385,17.302042689594714,16.78120684563042,16.05810148167828,17.778210717190206,17.333742606522144,16.891835837771467,16.351382878212576
36.733474108216434,17.780140961399084,17.310088419913754,16.795449507643646,16.081138687637022,17.77841030791329,17.33395153864936,16.891427957493804,16.349112788018203
36.99399513026052,17.782630143651573,17.318012979244486,16.809478739696516,16.103837347791497,17.7786400350125,17.334262601320802,16.89121137702689,16.34717142024509
37.25451615230461,17.785081920874205,17.325818220279245,16.82329752751191,16.126201224096704,17.778898945655165,17.33467273685244,16.891180710776645,16.34555034881744
37.5150371743487,17.78749689763903,17.3335059704562,16.836908848996927,16.14823438142109,17.779186104800417,17.335178937149962,16.89133064700207,16.344241226735875
37.77555819639279,17.789875681997984,17.34107808107484,16.85031571691819,16.16994076885814,17.77950059549316,17.3357782477294,16.891655954053235,16.343235788098255
38.036079218436875,17.79221887284139,17.348536388877648,16.863521161587286,16.191324576576363,17.77984151879064,17.33646776614456,16.892151479674553,16.34252585854024
38.29660024048096,17.794527066865484,17.35588271686383,16.876528207096655,16.21238998628411,17.780207994250745,17.337244643662473,16.892812153528453,16.342103357303756
38.55712126252505,17.79680085329604,17.36311888401552,16.889339888754492,16.23314127880235,17.780599159416766,17.3381060851881,16.893632990062294,16.34196030522672
38.81764228456914,17.799040815851193,17.370246687820327,16.90195922700751,16.253582754456772,17.781014169521043,17.339049348330704,16.89460908634468,16.342088827040463
39.07816330661323,17.801247533069983,17.377267940510208,16.91438925294196,16.2737187801606,17.781452198622056,17.34007174677923,16.895735628557837,16.34248115874118
39.338684328657315,17.8034215731614,17.384184394932255,16.926632966352393,16.29355373613923,17.781912438052984,17.341170646128845,16.89700788743248,16.343129648016912
39.5992053507014,17.80556350635341,17.390997829949782,16.93869337218611,16.313092033067846,17.782394097030988,17.34234346767734,16.898421223016804,16.34402675646936
39.85972637274549,17.80767388467053,17.397709975352626,16.950573442322437,16.33233808913473,17.782896402932373,17.343587685553842,16.899971082444267,16.34516507002904
40.12024739478958,17.809753261300514,17.404322574963466,16.96227614930372,16.351296323920963,17.783418600317617,17.34490082818901,16.901653002223114,16.346537291142425
40.38076841683367,17.811802179164204,17.410837326326018,16.973804428591407,16.369971163284873,17.783959951283705,17.346280477218272,16.903462606840648,16.348136247751263
40.641289438877756,17.813821169549662,17.4172559076993,16.985161176542604,16.388367028829038,17.784519734626265,17.347724267116206,16.90539560976206,16.34995489256802
40.901810460921844,17.81581076247599,17.423579992889017,16.99634928851264,16.40648831933722,17.78509724712338,17.349229885959886,16.90744781339977,16.351986304060986
41.16233148296593,17.81777147975805,17.429811228010408,17.00737161919799,16.42433940978013,17.785691801793952,17.35079507331067,16.909615106174577,16.354223690583268
41.42285250501002,17.819703827919923,17.4359512284003,17.01823099544346,16.44192468013084,17.78630272814317,17.35241762221215,16.911893472953295,16.356660385065517
41.68337352705411,17.821608314361036,17.442001600594452,17.02893021494691,16.459248451631495,17.786929372530494,17.35409537441771,16.914278973560812,16.359289852467846
41.9438945490982,17.82348543279646,17.44796391403976,17.03947202392284,16.47631501788664,17.787571097277336,17.355826224626753,16.91676776304694,16.362105686324554
42.204415571142285,17.825335671482243,17.45383972908143,17.049859162127746,16.49312866720122,17.7882272804731,17.357608117539492,16.91935608194511,16.365101608550283
42.46493659318637,17.827159514284148,17.459630576247093,17.060094313441624,16.50969360038168,17.788897316641012,17.35943904689134,16.922040254730604,16.36827147142914
42.72545761523046,17.828957423990317,17.46533794571802,17.070180116627355,16.526014014701957,17.78958061540802,17.36131705692175,16.924816693004225,16.371609255661
42.98597863727455,17.83072987131367,17.470963349133015,17.080119226102703,16.542094070618703,17.79027659952832,17.363240235091155,16.927681887168532,16.37510907005492
43.24649965931864,17.832477309331765,17.476508229064663,17.089914190713856,16.55793784859273,17.790984710866766,17.365206725402388,16.930632419495325,16.37876515233154
43.507020681362725,17.83420018557124,17.481974019363378,17.09956755870192,16.573549401869577,17.79170440306512,17.367214709751472,16.933664945409028,16.3825718655836
43.76754170340681,17.83589893904488,17.487362130796626,17.109081830379026,16.588932732868386,17.79243514507442,17.369262423405914,16.936776208588846,16.386523702267183
44.0280627254509,17.837574001021622,17.49267394968411,17.118459466606843,16.604091784647068,17.793176419983418,17.371348143028328,16.939963028308625,16.39061527680594
44.28858374749499,17.839225796287224,17.497910842627917,17.127702897249826,16.61903045666117,17.793927724442682,17.37347019012013,16.94322230343485,16.39484132852415
44.54910476953908,17.840854740871997,17.503074150025853,17.136814510882715,16.63375260626239,17.79468856977924,17.3756269327247,16.946551012386436,16.39919672058832
44.809625791583166,17.842461244531613,17.508165186675697,17.14579663862282,16.648262000465706,17.795458479580482,17.3778167797688,16.94994620973931,16.403676438118666
45.070146813627254,17.844045703180186,17.513185236988107,17.154651605850724,16.662562395612348,17.796236991380397,17.380038183244807,16.953405022714648,16.408275582997874
45.33066783567134,17.845608514908804,17.518135581044163,17.163381665193143,16.6766574340988,17.797023655475712,17.382289638105057,16.956924658190772,16.41298938191575
45.59118885771543,17.847150062611775,17.52301745420693,17.17198904134962,16.69055076014942,17.79781803437136,17.38456967773974,16.96050238927438,16.4178131696479
45.85170987975952,17.84867072460804,17.527832080664197,17.18047592760032,16.704245933725147,17.79861970362243,17.38687687826163,16.96413556785616,16.422742408272377
46.112230901803606,17.85017087354298,17.53258066786283,17.188844482828223,16.717746471304743,17.799428250341137,17.38920985347577,16.967821611210653,16.427772663246365
46.372751923847694,17.85165087008682,17.537264378263217,17.19709679713968,16.731055790256598,17.800243273627324,17.391567255796794,16.971558006823102,16.43289961642266
46.63327294589178,17.853111078043703,17.54188439041627,17.205234975560032,16.74417732710061,17.801064384921645,17.393947777619843,16.975342313125502,16.43811906207874
46.89379396793587,17.854551836904058,17.54644180500341,17.213261013671257,16.757114379455366,17.80189120567468,17.39635014507583,16.979172150820474,16.443426899465365
47.15431498997996,17.85597349827873,17.550937761545917,17.221176939795114,16.769870247814737,17.802723369633085,17.398773122926386,16.98304520983953,16.448819137572215
47.41483601202405,17.85737639411552,17.555373335619564,17.228984699842073,16.78244813726895,17.803560520959323,17.401215511088296,16.986959242130652,16.454291889638057
47.675357034068135,17.858760854375483,17.55974959684663,17.236686221743412,16.794851218880872,17.804402314314515,17.403676142688525,16.99091206201811,16.459841371056328
47.93587805611222,17.86012720154072,17.564067589510408,17.244283379447964,16.807082584844487,17.80524841477903,17.40615388787704,16.99490154917202,16.46546390221259
48.19639907815631,17.861475753280303,17.568328346313393,17.25177803767461,16.819145304245666,17.806098497801848,17.408647646476226,16.99892563794502,16.471155897487918
48.4569201002004,17.862806817541532,17.572532870858055,17.259172006136154,16.831042377213336,17.806952248946416,17.41115635432618,17.002982326724563,16.47691387490123
48.71744112224449,17.864120703633404,17.576682161042676,17.26646706532454,16.84277671471768,17.807809362710685,17.413678975790837,17.007069668085464,16.48273444324149
48.977962144288576,17.86541770147217,17.58077715689295,17.27366495675895,16.85435121665632,17.808669539504635,17.41621450881391,17.011185774933992,16.4886143117769
49.238483166332664,17.866698108056937,17.58481883115438,17.28076739503294,16.865768720071998,17.809532505553726,17.418761981600838,17.015328811813802,16.494550274024725
49.49900418837675,17.86796220908272,17.58880810774241,17.28777606371304,16.877032016323753,17.810397970590927,17.421320448869942,17.019496998197937,16.50053921887178
49.75952521042084,17.8692102843643,17.59274589486411,17.29469259846841,16.888143804261937,17.81126567056492,17.423888999539074,17.023688611449984,16.506578124720022
50.020046232464935,17.870442603319674,17.59663307258033,17.301518599764066,16.899106757993735,17.812135345291452,17.42646674596085,17.027901972534423,16.51266405156059
50.28056725450902,17.8716594422431,17.60047053446732,17.308255678656778,16.909923519168757,17.813006742783287,17.429052830187416,17.032135458281907,16.51879415021733
50.54108827655311,17.872861058634825,17.60425912405647,17.31490535675013,16.920596646558714,17.81387961997568,17.431646421807798,17.0363874940315,16.524965649321345
50.8016092985972,17.87404771393848,17.60799968642212,17.321469165141863,16.93112866417762,17.81475374107609,17.43424671560753,17.040656552132845,16.53117586168598
51.06213032064129,17.87521965971564,17.611693042813187,17.32794858157598,16.94152203690703,17.815628878376224,17.436852933235187,17.044941155454502,16.53742218039261
51.322651342685376,17.876377142984467,17.61533999391368,17.334345068918054,16.95177920007574,17.816504811523345,17.439464319582754,17.049239867850083,16.543702071184846
51.583172364729464,17.877520409674105,17.618941339213194,17.34066006718423,16.961902531433523,17.81738132756533,17.442080145678077,17.053551301407857,16.55001308300325
51.84369338677355,17.878649690657305,17.62249783351691,17.346894943127545,16.97189434111241,17.818258220859164,17.444699705161142,17.05787411180443,16.55635283283418
52.10421440881764,17.87976522506289,17.62601025497365,17.353051106590016,16.98175693157267,17.819135292544978,17.44732231586623,17.062206996483127,16.562719012936697
52.36473543086173,17.880867237605088,17.62947932862312,17.35912986597043,16.991492514402665,17.820012351006724,17.449947317889468,17.066548696320424,16.569109387139584
52.625256452905816,17.881955952702278,17.632905788205434,17.365132548871443,17.001103303691337,17.820889210793673,17.45257407295989,17.070897990238493,16.575521785351555
52.885777474949904,17.883031588780057,17.636290345123847,17.371060454170063,17.010591434966656,17.821765692658502,17.455201964263452,17.075253699547332,16.58195410936453
53.14629849699399,17.88409436004143,17.639633696412048,17.376914833216475,17.0199590257386,17.822641624243467,17.45783039627758,17.079614682128494,16.588404323745813
53.40681951903808,17.885144476739512,17.642936526293916,17.382696926985233,17.029208128606243,17.82351683951832,17.460458794527824,17.08397983536328,16.59487045694194
53.66734054108217,17.886182143591114,17.646199500885594,17.38840795566658,17.038340774558904,17.824391177261546,17.46308660306252,17.088348092180475,16.601350603717634
53.92786156312626,17.887207564488733,17.64942328527698,17.394049097722274,17.047358936158247,17.82526448338183,17.465713286064428,17.092718421706287,16.607842915958862
54.188382585170345,17.888220935412775,17.65260850587716,17.399621508376896,17.05626455026875,17.826136608530433,17.468338326378365,17.097089828131608,16.6143456080149
54.44890360721443,17.889222447581666,17.655755804855012,17.405126346935084,17.065059531211574,17.82700740909688,17.470961225256687,17.10146134981256,16.620856952511588
54.70942462925852,17.89021229438336,17.658865791984752,17.410564714379774,17.073745738700737,17.827876746993013,17.473581501487104,17.10583205719449,16.627375276541386
54.96994565130261,17.89119065846252,17.66193907335436,17.415937711517856,17.082324984521534,17.828744488786043,17.476198691341565,17.110201055146533,16.633898966174428
55.2304666733467,17.892157723470888,17.66497623867528,17.421246397261214,17.090799059085597,17.829610506694607,17.478812347903386,17.11456747643554,16.640426457032163
55.490987695390785,17.893113668231592,17.66797786568975,17.426491843442733,17.099169736729507,17.830474677603164,17.481422041113497,17.118930488237424,16.646956241934944
55.751508717434874,17.894058664951743,17.670944533869303,17.431675053552674,17.10743870425037,17.831336883286532,17.484027356948495,17.123289285411033,16.653486861090776
56.01202973947896,17.894992886302873,17.673876792168713,17.436797061168868,17.115607655433898,17.832197009911994,17.48662789631112,17.127643094052615,16.660016908567158
56.27255076152305,17.895916502789234,17.676775183055042,17.44185884078788,17.123678242620272,17.833054948191545,17.48922327498704,17.131991160362645,16.66654502181852
56.53307178356714,17.896829673523342,17.67964024372698,17.44686134962113,17.131652075490052,17.833910593195696,17.49181312429438,17.13633276996744,16.673069890945442
56.793592805611226,17.89773256379044,17.682472490284056,17.451805543083708,17.139530737508636,17.83476384446432,17.494397089358074,17.140667227700348,16.67959024980317
57.054113827655314,17.898625328808265,17.685272451724465,17.45669236072827,17.14731576391779,17.8356146058117,17.496974829912915,17.144993866235062,16.68610487636453
57.3146348496994,17.89950812465456,17.68804061463321,17.46152269057398,17.155008684302885,17.836462784429415,17.49954601711991,17.149312041064874,16.692612591188137
57.57515587174349,17.900381100376833,17.690777476157223,17.466297448752876,17.16261099066397,17.837308291449517,17.50211033849179,17.15362113794113,16.699112266014964
57.83567689378758,17.901244409515286,17.693483530387702,17.47101748691704,17.170124135851793,17.838151043171308,17.504667492404167,17.15792056061011,16.705602800508508
58.09619791583167,17.90209819609754,17.696159240365233,17.47568367380287,17.177549538259292,17.838990957463068,17.5072171874614,17.162209737427176,16.71208314328868
58.356718937875755,17.902942599884398,17.698805065555007,17.48029684339896,17.184888616394133,17.839827957290424,17.509759149250414,17.166488123083425,16.71855228303751
58.61723995991984,17.90377776480951,17.70142146809546,17.484857813306846,17.19214270518374,17.84066196876845,17.512293110768567,17.17075518799963,16.72500923888616
58.87776098196393,17.90460382652475,17.704008887950096,17.489367394631074,17.199313185432715,17.84149292099599,17.51481881859206,17.175010428438313,16.731453074735867
59.13828200400802,17.905420922430153,17.70656777637238,17.493826385320283,17.20640137216816,17.842320746302974,17.517336029528295,17.179253361968883,16.737882889231713
59.39880302605211,17.906229180987197,17.7090985440624,17.49823554869144,17.21340851920519,17.843145380328437,17.51984451089296,17.183483522122245,16.744297813509853
59.659324048096195,17.907028729832774,17.711601614049954,17.50259563546578,17.22033591240301,17.84396676257581,17.52234404100964,17.18770046333981,16.75069701049852
59.91984507014028,17.907819701441923,17.714077412456433,17.506907415779786,17.227184801003084,17.844784833952716,17.524834407025068,17.19190376078187,16.757079681546045
60.18036609218437,17.908602217773918,17.716526319883158,17.511171588249866,17.233956387703458,17.84559954015603,17.527315408392347,17.1960930077772,16.763445060260466
60.44088711422846,17.90937640283633,17.71894875219492,17.515388883428585,17.24065185327612,17.846410828053095,17.529786851885753,17.200267814442256,16.76979240569723
60.70140813627255,17.91014237246567,17.721345088063522,17.51956000480414,17.24727237899684,17.847218648045086,17.53224855361529,17.20442780657342,16.776121011475908
60.961929158316636,17.910900247707424,17.723715721077582,17.523685635897507,17.25381910602941,17.848022951787655,17.534700337813618,17.20857263173417,16.782430203994593
61.222450180360724,17.911650143050323,17.72606099221997,17.527766440260365,17.260293148227404,17.84882369637458,17.53714204045508,17.21270194677622,16.788719329664232
61.48297120240481,17.912392171972144,17.728381301343305,17.531803094133387,17.26669560746832,17.849620838999314,17.539573505417778,17.216815436318555,16.7949877722015
61.7434922244489,17.913126443400998,17.73067699078056,17.535796235222435,17.27302755131069,17.85041433916807,17.541994578667854,17.22091278326222,16.801234930428315
62.00401324649299,17.913853068045455,17.732948419922707,17.539746501916163,17.2792900609694,17.851204160403107,17.54440512217539,17.224993699032318,16.807460242110395
62.264534268537076,17.914572161262186,17.73519593991223,17.543654529337218,17.285484176829307,17.85199026724591,17.54680500164124,17.229057905109812,16.813663163842747
62.525055290581165,17.915283802991254,17.73741987169724,17.547520895427198,17.29161084629,17.852772627254325,17.549194090737252,17.233105135828367,16.81984317567707
62.78557631262525,17.91598812108674,17.73962056212796,17.551346235310817,17.297671136378725,17.85355120755493,17.551572268984494,17.237135142610427,16.825999789269666
63.04609733466934,17.916685208476054,17.741798337404603,17.55513112752196,17.303666006654694,17.854325981263067,17.553939425194372,17.241147684674388,16.832132529299173
63.30661835671343,17.917375161673434,17.74395350700155,17.558876120087973,17.309596376511557,17.855096920639646,17.55629545341847,17.245142540029633,16.838240949290558
63.56713937875752,17.918058080896493,17.746086394268055,17.56258180509083,17.315463228539578,17.855864001003695,17.558640254855092,17.249119493920972,16.844324622380775
63.827660400801605,17.918734060376508,17.748197305762318,17.56624875104417,17.321267461000602,17.856627198983283,17.56097373667791,17.253078347606085,16.85038314582387
64.0881814228457,17.919403193519486,17.750286545038982,17.569877485819376,17.32701000860581,17.857386494058865,17.563295813489702,17.257018911604547,16.856416134794273
64.34870244488978,17.920065576148623,17.75235440895277,17.573468532743718,17.33269169435914,17.858141864836625,17.56560640157211,17.260941006955733,16.862423225330794
64.60922346693387,17.920721292683126,17.754401184679807,17.577022418768493,17.338313440896968,17.858893295495626,17.567905428950795,17.264844469190834,16.868404071329195
64.86974448897796,17.921370438478647,17.75642717148567,17.580539692786928,17.34387609229318,17.859640767387333,17.570192822527225,17.268729137904423,16.874358344052013
65.13026551102205,17.922013094572762,17.758432632868278,17.58402081521003,17.34938046439226,17.860384267944028,17.572468523189812,17.272594873271032,16.8802857428269
65.39078653306613,17.922649350352785,17.760417858506152,17.58746631657194,17.354827405623496,17.861123782797264,17.57473246933486,17.276441534943643,16.88618597267879
65.65130755511022,17.92327928955784,17.76238311482176,17.590876653668147,17.360217692671867,17.86185930065986,17.576984607101565,17.280268999673176,16.892058762702035
65.91182857715431,17.923902994926003,17.764328668583346,17.594252330800046,17.36555214120017,17.862590811139697,17.57922488992162,17.284077149316076,16.897903854910076
66.1723495991984,17.9245205451602,17.76625477766546,17.59759379290628,17.3708315028276,17.86331830438411,17.581453268915737,17.28786587137153,16.90372100357895
66.43287062124249,17.925132023356483,17.76816170741973,17.60090152799372,17.376056564963413,17.864041774015362,17.58366970912526,17.291635072670076,16.909509993635112
66.69339164328657,17.925737506714356,17.770049699467904,17.604175963120348,17.381228054847057,17.86476121243082,17.585874170520412,17.295384657397463,16.915270605406064
66.95391266533066,17.926337070745205,17.77191900643072,17.60741755410136,17.38634670222764,17.86547661561461,17.588066626682647,17.29911454669893,16.92100265270104
67.21443368737475,17.926930794055238,17.773769876999367,17.61062673976336,17.391413245514897,17.866187978759115,17.59024704791662,17.302824662419383,16.92670594678094
67.47495470941884,17.927518747535288,17.775602543350892,17.613803947913865,17.39642838899578,17.866895299201914,17.592415412442094,17.306514940122028,16.932380322329124
67.73547573146293,17.928101007002482,17.77741723771876,17.616949584342002,17.40139279638872,17.867598575439743,17.594571699553725,17.310185314767324,16.9380256227022
67.99599675350701,17.92867764337356,17.779214195253914,17.620064078903383,17.406307181139482,17.868297806609007,17.59671589518377,17.31383573744848,16.943641708544718
68.2565177755511,17.92924872800012,17.780993646852906,17.623147833106913,17.411172207327446,17.868992993298576,17.59884798673113,17.31746616122625,16.949228448865227
68.51703879759519,17.929814328484852,17.78275580929521,17.62620124635722,17.415988522908137,17.86968413632281,17.60096796574213,17.321076548590156,16.954785723766854
68.77755981963928,17.9303745172275,17.78450091553694,17.62922471770196,17.420756792003488,17.870371237691593,17.603075823862582,17.32466685595965,16.960313432719246
69.03808084168337,17.930929351711406,17.78622914641356,17.63221860347982,17.425477607604478,17.871054301638694,17.60517156295895,17.32823706703863,16.965811474153227
69.29860186372746,17.931478909692387,17.78794074753465,17.635183316885197,17.430151632595127,17.871733332826544,17.607255186989505,17.331787171238695,16.971279767414842
69.55912288577154,17.932023248777142,17.789635913481476,17.638119210323346,17.43477946250554,17.872408333048625,17.609326689071317,17.33531711565444,16.976718237321492
69.81964390781563,17.932562436288592,17.791314854828165,17.641026657478847,17.439361694214035,17.87307931167703,17.61138608670432,17.338826924358585,16.982126819767338
70.08016492985972,17.933096532573025,17.7929777665773,17.643906012704377,17.44389892964655,17.873746272712907,17.613433383590348,17.342316582637196,16.98750546075297
70.34068595190381,17.933625599744303,17.79462484676698,17.64675763346878,17.448391741866914,17.874409225666973,17.61546859767219,17.34578609126612,16.992854112988738
70.6012069739479,17.934149699844227,17.79625629622617,17.649581863242588,17.452840692477153,17.875068175984495,17.61749173358237,17.34923545806558,16.998172747089527
70.86172799599198,17.934668892052898,17.79787229844142,17.652379039150006,17.457246348306604,17.875723134662252,17.619502818283237,17.352664690280804,17.003461330475687
71.12224901803607,17.935183234382663,17.79947304419906,17.65514950699736,17.461609272596462,17.87637410959897,17.621501866515544,17.35607380190485,17.00871984287742
71.38277004008016,17.93569278679024,17.801058727890535,17.65789359630655,17.46592999898067,17.877021111857502,17.623488902533296,17.35946281497182,17.013948277591055
71.64329106212425,17.936197602231815,17.802629508638205,17.66061160476586,17.47020902374605,17.87766415139859,17.6254639492074,17.36283175430446,17.019146634640634
71.90381208416834,17.93669774083721,17.80418558650402,17.66330389174599,17.474446917964755,17.87830323967654,17.627427030047812,17.366180641982382,17.0243149073007
72.16433310621242,17.937193252676863,17.80572712820046,17.665970741133137,17.4786441795182,17.878938388654547,17.629378178052754,17.369509516220603,17.0294531195347
72.42485412825651,17.93768420249023,17.807254315355152,17.66861248206979,17.48280129017141,17.879569610159102,17.631317419015062,17.372818408100457,17.03456128348641
72.6853751503006,17.938170627159245,17.80876731011969,17.671229405438226,17.486918785620375,17.880196917849283,17.63324478769588,17.376107359164024,17.03963942661766
72.94589617234469,17.938652592584113,17.810266279651913,17.673821811023544,17.490997128295014,17.88082032440697,17.63516031641649,17.379376411493276,17.044687583945276
73.20641719438878,17.93913014544816,17.81175139286313,17.67638999218906,17.495036805923647,17.88143984396227,17.637064040636503,17.382625612760954,17.049705786347694
73.46693821643287,17.939603338772663,17.813222813058204,17.678934242468586,17.499038297392886,17.882055490415752,17.638955994245755,17.38585500071538,17.054694079942237
73.72745923847695,17.940072220608116,17.814680697624027,17.68145484505459,17.503002051814377,17.882667279724394,17.64083622292881,17.389064645552338,17.05965252354389
73.98798026052104,17.94053684028505,17.816125201812852,17.683952077652776,17.506928523239907,17.883275224599814,17.64270475944255,17.39225459096116,17.064581165522355
74.24850128256513,17.940997249328113,17.81755649257539,17.686426220763124,17.51081820222256,17.88387934353689,17.644561649582215,17.395424900566923,17.0694800700023
74.50902230460922,17.941453492314167,17.818974708766646,17.688877536336797,17.514671480673385,17.884479650697386,17.64640693492305,17.398575632642974,17.074349300151233
74.7695433266533,17.94190561904888,17.820380009161312,17.69130629943838,17.518488814705293,17.885076162204726,17.648240659590968,17.40170684994286,17.079188928334915
75.0300643486974,17.942353669523214,17.82177252372326,17.693712748997186,17.52227063181718,17.885668895718325,17.650062869813375,17.404818621438054,17.083999031396743
75.29058537074148,17.942797699387533,17.823152428960924,17.69609719405969,17.526017349369333,17.88625786695588,17.651873607969897,17.40791101078004,17.08877968484242
75.55110639278557,17.943237748939836,17.824519850075703,17.698459854289993,17.52972939586818,17.88684309424753,17.653672926842404,17.4109840931324,17.093530979865925
75.81162741482966,17.943673858970726,17.825874921601354,17.70080096862445,17.533407140795347,17.887424594694764,17.655460873343017,17.41403794005027,17.0982530038357
76.07214843687375,17.944106078009902,17.827217795302232,17.70312081098193,17.537051039712892,17.88800238602562,17.65723749658475,17.417072626294868,17.102945845770236
76.33266945891783,17.94453444658042,17.828548600394434,17.705419608552738,17.540661440084833,17.88857648613984,17.65900284739392,17.420088227112203,17.107609604984873
76.59319048096192,17.94495901052649,17.82986748327052,17.707697602512212,17.54423876666764,17.889146913948395,17.66075697851563,17.423084825478796,17.112244383426003
76.85371150300601,17.945379810299087,17.8311745602401,17.70995503754954,17.54778338227993,17.889713687315393,17.662499940814726,17.426062496445738,17.11685028098084
77.1142325250501,17.945796881080852,17.83246998138933,17.7121921316986,17.551295655064123,17.890276825119763,17.664231788586022,17.429021327490325,17.121427408035295
77.37475354709419,17.946210271121657,17.833753856300035,17.71440911658106,17.55477597377874,17.890836346629428,17.66595257867172,17.431961399392485,17.125975873134422
77.63527456913828,17.94662001937214,17.8350263278313,17.716606248042012,17.558224715454045,17.891392271361994,17.66766235769198,17.434882799303075,17.130495791294095
77.89579559118236,17.94702616211073,17.83628751978356,17.718783698272894,17.561642213870805,17.891944617350703,17.669361188029427,17.43778561148107,17.134987274222482
78.15631661322645,17.94742874077545,17.8375375427442,17.72094171219357,17.56502880194504,17.892493405713296,17.67104912567457,17.440669928618327,17.139450446093868
78.41683763527054,17.947827791404592,17.838776525550102,17.723080498789656,17.568384905727868,17.893038655249825,17.67272622685634,17.44353583850821,17.143885427325856
78.67735865731463,17.948223354974616,17.840004592702428,17.725200278757413,17.571710802130895,17.893580385439463,17.67439254649718,17.446383429638516,17.148292339858862
78.93787967935872,17.948615467211667,17.8412218612576,17.727301256238377,17.575006861990595,17.894118617401034,17.67604814618486,17.44921279845137,17.152671311470584
79.1984007014028,17.949004165038417,17.842428445508006,17.729383636407213,17.578273398348763,17.894653369424553,17.677693081092478,17.452024033810858,17.157022469367575
79.45892172344689,17.9493894845356,17.84362446401296,17.731447625927743,17.581510750505075,17.89518466376407,17.679327411502143,17.454817232291994,17.16134594706415
79.71944274549098,17.94977146074848,17.84481001749991,17.73349341068726,17.584719237236,17.895712519636852,17.680951198261212,17.457592491523528,17.165641878880805
79.97996376753507,17.95015012779193,17.845985224916376,17.735521196427456,17.587899174626855,17.896236957134697,17.682564498843675,17.460349901946486,17.169910392353785
80.24048478957916,17.950525524784318,17.847150211172362,17.737531192630435,17.591050898984577,17.896757997407477,17.684167374224835,17.463089565476523,17.174151630377793
80.50100581162324,17.950897682036626,17.84830506299906,17.739523563860374,17.594174683984164,17.897275660014515,17.6857598833777,17.46581157498882,17.178365727331084
80.76152683366733,17.95126663568444,17.849449902040853,17.741498529805526,17.59727087290446,17.897789967604623,17.687342091644382,17.46851603761175,17.18255283238304
81.02204785571142,17.951632416808295,17.85058482456313,17.743456248396107,17.600339728593553,17.898300938256654,17.688914054281625,17.471203040065205,17.186713067572768
81.28256887775551,17.951995061761608,17.85170994293535,17.745396919749524,17.603381593242915,17.898808594898405,17.69047583799491,17.47387269377768,17.1908465943131
81.5430898997996,17.952354598372835,17.852825354756845,17.747320721649707,17.60639672233726,17.899312957413898,17.692027501340178,17.47652509376543,17.194953550340095
81.80361092184368,17.952711063403576,17.85393116071431,17.74922782721211,17.609385411346764,17.899814046585618,17.69356910610012,17.479160341201776,17.199034079167966
82.06413194388777,17.953064486414917,17.85502746313051,17.75111841731855,17.6123479466695,17.900311882963614,17.695100714192094,17.481778536888513,17.203088327904823
82.32465296593186,17.953414897335975,17.85611435892762,17.752992666676796,17.615284610358295,17.900806487510764,17.69662238826659,17.484379783672253,17.20711644310309
82.58517398797595,17.95376232814408,17.857191948737253,17.75485074144524,17.618195681246704,17.901297882648223,17.698134192964034,17.486964187426167,17.211118576690836
82.84569501002004,17.95410680913077,17.858260325530026,17.75669281600767,17.621081428547228,17.90178608749102,17.69963618708512,17.48953184592537,17.21509488285021
83.10621603206413,17.954448371458014,17.859319584788977,17.75851905465978,17.623942123205637,17.902271123219393,17.701128433829467,17.49208286205826,17.219045499570008
83.36673705410821,17.95478704309683,17.860369822816025,17.760329627821,17.626778022805112,17.902753011971065,17.702610997464134,17.494617342870846,17.22297058299432
83.6272580761523,17.955122852240997,17.861411121929358,17.76212468393473,17.629589389548023,17.903231772855207,17.70408393864021,17.497135387099355,17.22687028725406
83.88777909819639,17.95545583098975,17.862443590251743,17.763904396302095,17.632376486543265,17.90370742843296,17.70554732271897,17.499637105323934,17.23074476522074
84.14830012024048,17.955786006957652,17.8634673030188,17.76566890919335,17.635139562225817,17.904179998056392,17.70700120819056,17.50212259303386,17.23459416796687
84.40882114228457,17.956113406134094,17.864482355112443,17.767418403696126,17.63787888146733,17.904649504163743,17.708445661820164,17.504591959812686,17.238418641698225
84.66934216432865,17.95643805637316,17.865488831387466,17.769153004750976,17.640594666541915,17.905115966671417,17.709880744815322,17.507045308848973,17.24221835305231
84.92986318637274,17.956759987067798,17.86648682171304,17.770872896830994,17.643287189323416,17.905579406416983,17.711306517994167,17.5094827406405,17.245993444521318
85.19038420841683,17.957079226656447,17.8674764092233,17.77257818505032,17.64595667317697,17.90603984389122,17.712723045632472,17.5119043643694,17.2497440794383
85.45090523046092,17.957395795985512,17.86845767563198,17.774269045382454,17.648603347364258,17.906497300862675,17.71413039204012,17.51431028202596,17.25347041276629
85.711426252505,17.95770972680195,17.869430710432084,17.775945625940338,17.651227466335683,17.906951796435585,17.71552861450151,17.516700594619472,17.25717258772002
85.9719472745491,17.95802104290209,17.87039558916348,17.77760805043369,17.653829238260727,17.907403352775184,17.716917779368536,17.519075413160934,17.260850778156822
86.23246829659318,17.958329770993956,17.87135239603022,17.77925649954608,17.656408923922342,17.90785199049079,17.71829795111725,17.521434838241532,17.26450512524339
86.49298931863727,17.95863593505746,17.87230121281779,17.780891079182126,17.65896672723217,17.90829772910908,17.719669186972368,17.523778971817947,17.268135788680368
86.75351034068136,17.958939560807195,17.873242115817305,17.782511934751767,17.661502878402857,17.908740589143974,17.721031549988055,17.52610792004547,17.27174292426259
87.01403136272545,17.95924067485244,17.874175182600695,17.78411921723186,17.66401757044192,17.909180591644933,17.72238510414018,17.528421786831203,17.27532668753374
87.27455238476954,17.959539298660516,17.87510049173885,17.785713036030067,17.66651103887935,17.909617756601975,17.723729908753896,17.530720673379292,17.278887231426225
87.53507340681362,17.959835458115492,17.87601812038153,17.78729355010023,17.66898352216009,17.9100521043839,17.72506602708056,17.533004685367324,17.28242471372681
87.79559442885771,17.96012917813612,17.87692813507222,17.78886087194431,17.671435188235932,17.910483655529205,17.726393519871543,17.53527392508031,17.285939291477362
88.0561154509018,17.960420478783227,17.877830629369072,17.790415152713017,17.673866280786285,17.91091242903269,17.727712446521586,17.53752849328845,17.289431112945465
88.31663647294589,17.96070938522699,17.878725654257295,17.791956491965898,17.676276954539972,17.911338445493236,17.72902287319077,17.539768492457554,17.292900335799317
88.57715749498998,17.960995923340533,17.879613298856412,17.793485051190444,17.67866749642326,17.91176172647957,17.7303248520505,17.541994033396676,17.296347125088744
88.83767851703406,17.961280110785935,17.88049362369231,17.795000927948436,17.681038031128047,17.91218228968002,17.73161845020485,17.544205206085053,17.299771614903946
89.09819953907815,17.96156197502995,17.881366710061194,17.796504258416455,17.68338878684233,17.912600155767663,17.73290372639878,17.546402120446643,17.303173975581046
89.35872056112224,17.961841534980692,17.88223261573367,17.797995158763598,17.685719952621497,17.913015344847175,17.73418074297559,17.548584875974733,17.306554360597673
89.61924158316633,17.962118812588123,17.88309141820652,17.7994737595998,17.68803172108882,17.913427875688754,17.73544955512417,17.550753571535125,17.30991291278523
89.87976260521042,17.962393830921485,17.883943184104695,17.800940167893344,17.69032429631929,17.91383776761809,17.736710223222346,17.5529083065274,17.31324978863225
90.1402836272545,17.962666608890267,17.8847879726556,17.802394509393565,17.69259785051125,17.91424504169285,17.73796281120628,17.555049184988775,17.31656514243393
90.40080464929859,17.962937172734215,17.885625866898593,17.803836884614626,17.694852567040975,17.914649716484206,17.73920737606752,17.557176311719928,17.319859132632878
90.66132567134268,17.96320554121897,17.886456927554484,17.80526744415701,17.697088652578586,17.915051810774173,17.740443974603735,17.559289774815667,17.323131898509622
90.92184669338677,17.963471731224303,17.887281204907445,17.80668626278193,17.69930625874757,17.915451344222447,17.741672665846473,17.561389679662533,17.326383596131677
91.18236771543086,17.963735767215567,17.888098778489635,17.808093478969738,17.701505579716724,17.91584833489425,17.742893506924844,17.563476123557365,17.329614378820665
91.44288873747495,17.963997670239678,17.88890970867847,17.809489193237845,17.70368679840921,17.916242803815337,17.744106561782772,17.565549208649607,17.332824393950617
91.70340975951903,17.96425745518036,17.88971405516135,17.810873522251157,17.705850086747105,17.916634767776372,17.74531188219965,17.56760902921424,17.336013793513402
91.96393078156312,17.9645151457649,17.8905118766546,17.812246549480868,17.707995592711654,17.91702424608077,17.746509525239347,17.569655679687465,17.339182719168583
92.22445180360721,17.96477076080472,17.891303243931063,17.813608412695928,17.71012352934315,17.917411257744256,17.747699551699398,17.571689261726462,17.342331326041275
92.4849728256513,17.965024320383712,17.892088210299704,17.81495920638345,17.712234041905283,17.91779582128381,17.74888201608087,17.57370987143861,17.345459761735384
92.74549384769539,17.965275842428923,17.89286684290476,17.81629903195558,17.714327293681457,17.918177954825623,17.750056975410168,17.575717602377352,17.34856816967656
93.00601486973947,17.965525346449205,17.893639194280176,17.81762799974431,17.716403447862035,17.918557676165833,17.751224483893232,17.577712550224234,17.351656695163804
93.26653589178356,17.965772850596863,17.894405321251554,17.818946190674353,17.71846267934731,17.91893500648603,17.752384605188624,17.579694818656677,17.354725496591364
93.52705691382765,17.966018378032736,17.895165298056256,17.82025374589442,17.72050506801152,17.919309959725524,17.753537385044254,17.58166448913454,17.357774702488896
93.78757793587174,17.966261933610028,17.895919154720644,17.82155073268966,17.722531014755624,17.919682555775964,17.754682883182923,17.58362166189329,17.36080446362451
94.04809895791583,17.966503549540818,17.896666969038577,17.822837271266167,17.724540415619344,17.920052812576706,17.755821152327954,17.5855664271906,17.3638149198719
94.30861997995991,17.966743238012455,17.897408789514905,17.82411343353222,17.72653353299775,17.920420748122623,17.756952250524137,17.587498881922087,17.366806220465207
94.569141002004,17.966981016234335,17.898144668113737,17.825379331406218,17.728510527466497,17.92078638034758,17.758076231972353,17.58941912357632,17.369778513129276
94.82966202404809,17.967216902615974,17.898874670318577,17.826635056280864,17.73047145945489,17.92114972568252,17.759193147285657,17.591327233039564,17.37273192602494
95.09018304609218,17.967450915479965,17.899598841356735,17.8278807020736,17.732416601960445,17.92151080180321,17.760303050432995,17.59322330446635,17.375666601756933
95.35070406813627,17.96768307094429,17.90031723763854,17.829116372950992,17.734346045146978,17.92186962691062,17.76140599816879,17.59510743507748,17.37858268988098
95.61122509018035,17.96791338344019,17.90102990913001,17.830342144546535,17.736259940610665,17.922226217680787,17.762502038688083,17.5969797032811,17.38148031543669
95.87174611222444,17.96814187405768,17.901736910300897,17.831558123630558,17.738158422399465,17.92258058983171,17.763591227916365,17.598840214656974,17.38435963037829
96.13226713426853,17.9683685551647,17.902438292349864,17.832764379091614,17.740041653472105,17.922932762692184,17.764673617599925,17.600689046162813,17.38722076128957
96.39278815631262,17.96859344641004,17.903134111439677,17.83396102448213,17.741909777795343,17.923282752423006,17.765749260316532,17.602526291907914,17.390063854606908
96.65330917835671,17.968816563139555,17.903824411325118,17.835148135870746,17.74376291078361,17.923630574507747,17.766818204254847,17.604352036523764,17.392889041331195
96.9138302004008,17.969037918895353,17.90450924062695,17.83632580355733,17.745601213259746,17.92397624601532,17.76788050080073,17.606166368369188,17.395696453758653
97.17435122244488,17.969257533573085,17.905188663935178,17.83749411368477,17.7474248180977,17.924319784656234,17.768936206512436,17.607969377082284,17.39848623347342
97.43487224448897,17.96947542183289,17.905862707486733,17.83865313757363,17.749233841377375,17.92466120658625,17.769985368051493,17.609761146919887,17.40125850758197
97.69539326653306,17.969691595918746,17.906531439758716,17.839802979350893,17.751028442473583,17.925000526517536,17.7710280332552,17.611541762726347,17.404013409980763
97.95591428857715,17.96990607225385,17.907194889690146,17.840943700209976,17.752808730101954,17.925337762011836,17.772064255710518,17.613311311083805,17.40675107457377
98.21643531062124,17.970118868370406,17.907853123475164,17.842075415644132,17.75457485901967,17.925672928901307,17.773094083077247,17.615069876696808,17.409471632209154
98.47695633266532,17.97032999813713,17.908506179213333,17.843198189993373,17.756326944871645,17.92600604228491,17.774117564725003,17.616817542615166,17.4121752095241
98.73747735470941,17.97053947450705,17.90915410177223,17.844312090085154,17.758065116260113,17.926337118567872,17.775134749047893,17.618554391993897,17.414861938975115
98.9979983767535,17.97074731530877,17.909796936831015,17.84541721284458,17.759789507309875,17.926666173544213,17.77614568399467,17.620280508233733,17.417531950093405
99.25851939879759,17.970953533252,17.910434735525214,17.846513631732265,17.761500222525882,17.92699322303043,17.777150421773634,17.621995979305595,17.42018536627711
99.51904042084168,17.971158142903953,17.911067537815484,17.84760142780773,17.76319741616615,17.927318282496728,17.77814900361058,17.623700879380237,17.42282232067209
99.77956144288576,17.971361158464717,17.91169539109196,17.84868067748411,17.764881192314988,17.927641366887812,17.779141484990205,17.625395293359205,17.42544293826974
100.04008246492987,17.971562593815612,17.912318337675813,17.84975145283731,17.76655167381307,17.92796249024937,17.780127901192387,17.6270792938236,17.42804732770773
100.30060348697396,17.97176246382196,17.912936469566645,17.850813828032784,17.768208987084307,17.92828167074633,17.781108312034284,17.628752976783872,17.430635642026104
100.56112450901804,17.971960777979376,17.913549679212096,17.851867887206396,17.769853224671053,17.928598919892316,17.782082752908664,17.630416403751823,17.433207976526177
100.82164553106213,17.972157559753406,17.91415816451982,17.852913701702434,17.77148453957733,17.928914254967992,17.783051276669596,17.632069666583526,17.435764472723378
101.08216655310622,17.972352813644974,17.914761916149068,17.85395134406805,17.773103031057232,17.929227689984074,17.7840139268702,17.63371283960135,17.438305248093847
101.34268757515031,17.972546554515105,17.91536097256673,17.854980883076323,17.774708814276963,17.929539239594163,17.78497074779895,17.635345999547837,17.440830416733334
101.6032085971944,17.972738799428456,17.915955378026908,17.85600240135669,17.776302007894515,17.929848918170727,17.785921785460637,17.6369692237024,17.44334010344305
101.86372961923848,17.972929556735068,17.916545172803886,17.857015951201177,17.777882720103904,17.930156740371345,17.786867084122477,17.63858258930277,17.4458344258302
102.12425064128257,17.973118841033106,17.917130393359813,17.858021605066654,17.779451040655843,17.93046272023838,17.78780668743463,17.6401861705625,17.448313502717255
102.38477166332666,17.973306666917864,17.91771108284948,17.859019450670615,17.78100713070925,17.93076687133326,17.788740638340386,17.641780042405372,17.45077744784477
102.64529268537075,17.973493047186395,17.918287285056927,17.86000955210912,17.78255106343608,17.931069209778464,17.789668984023507,17.643364284238515,17.453226384088396
102.90581370741484,17.973677991738626,17.91885903335745,17.860991967956068,17.78408295381503,17.93136974781048,17.79059176512576,17.64493896584335,17.45566042256096
103.16633472945892,17.97386151276862,17.919426365156333,17.86196675993294,17.78560288577991,17.931668500206825,17.791509023565936,17.64650416203974,17.45807967566465
103.42685575150301,17.97404362501929,17.919989323323307,17.86293401167103,17.787111003596436,17.931965479946406,17.792420806797224,17.648059948861956,17.460484268771367
103.6873767735471,17.974224340765417,17.92054794986182,17.863893771893586,17.788607396492495,17.9322607008718,17.79332715155212,17.649606395141404,17.462874301427817
103.94789779559119,17.9744036709749,17.921102274906417,17.864846143847203,17.790092174860234,17.932554177184528,17.79422810203438,17.651143573255247,17.465249891566984
104.20841881763528,17.974581626446806,17.92165233447207,17.865791144355697,17.79156539995583,17.932845920813655,17.795123697265936,17.65267155265164,17.46761114616926
104.46893983967936,17.974758220542114,17.922198170230594,17.866728859406194,17.793027218447662,17.93313594689085,17.796013982763426,17.654190411536845,17.46995818474042
104.72946086172345,17.974933465884803,17.922739822263864,17.86765935832419,17.794477726318433,17.93342426745032,17.796898996399385,17.655700213319335,17.47229110377058
104.98998188376754,17.975107371988045,17.923277321749275,17.868582686258776,17.795917000365897,17.933710895950377,17.797778780290734,17.657201030016367,17.47461002812345
105.25050290581163,17.97527995091727,17.92381069940774,17.8694989190586,17.79734515932597,17.933995845362887,17.798653373911307,17.658692931565454,17.476915054830897
105.51102392785572,17.97545121527085,17.924339998682463,17.870408113143753,17.798762285670122,17.934279127850786,17.799522814683925,17.660175979322204,17.479206281033612
105.7715449498998,17.975621173004328,17.924865251351335,17.871310328572086,17.800168486319215,17.934560757573607,17.800387147982363,17.66165025652498,17.48148384167027
106.0320659719439,17.975789840452407,17.9253864920326,17.872205627648647,17.801563845663807,17.934840746586012,17.80124640774175,17.66311581705485,17.483747816869
106.29258699398798,17.975957224568575,17.925903759524218,17.87309407479281,17.802948469517432,17.935119106497268,17.80210063408002,17.664572732701373,17.48599831821648
106.55310801603207,17.976123336366292,17.926417077686423,17.873975714654605,17.804322438753083,17.935395851392293,17.802949867799683,17.66602107009186,17.48823545141721
106.81362903807616,17.97628818938567,17.926926492924963,17.874850624222333,17.805685858025484,17.93567099179718,17.803794143545993,17.667460892448332,17.490459315705507
107.07415006012025,17.97645179190544,17.927432033579386,17.875718851274158,17.80703882240234,17.935944542663222,17.804633504895264,17.66889227238252,17.49267002225158
107.33467108216433,17.97661415461061,17.927933723392293,17.876580444759256,17.808381388661786,17.936216512731264,17.80546798065067,17.670315262751608,17.49486765630411
107.59519210420842,17.976775290296032,17.928431609692254,17.87743547764471,17.809713685594787,17.93648691677717,17.806297618886106,17.671729939873792,17.49705233290335
107.85571312625251,17.976935206622386,17.928925715227933,17.8782840002129,17.811035786781147,17.936755764659146,17.807122448371302,17.673136359715016,17.499224143906453
108.1162341482966,17.977093914535487,17.9294160757567,17.87912605547075,17.812347765069106,17.937023070608433,17.80794250925254,17.674534591763575,17.501383189802034
108.37675517034069,17.977251425552552,17.92990272105257,17.879961717715815,17.813649732020167,17.937288845347958,17.808757838203512,17.675924692604966,17.503529572884233
108.63727619238477,17.97740774794198,17.930385687622973,17.880791036716786,17.81494176515467,17.9375530992747,17.809568469057297,17.677306725185474,17.50566338022991
108.89779721442886,17.97756289434897,17.930865002098137,17.881614065334844,17.81622395124721,17.937815844595868,17.81037443834262,17.678680752060117,17.507784716292264
109.15831823647295,17.977716871840684,17.931340693514542,17.88243084563515,17.817496365196476,17.938077094884882,17.81117578466486,17.68004683946951,17.50989367516756
109.41883925851704,17.977869691853684,17.931812793048053,17.883241447989846,17.81875907136036,17.938336856817855,17.811972536230684,17.681405037908227,17.511990349112338
109.67936028056113,17.978021361597385,17.932281337345188,17.884045902461487,17.820012214295033,17.938595145893785,17.812764736377567,17.68275541639875,17.514074830601956
109.93988130260522,17.97817189541587,17.932746355435704,17.884844288655422,17.821255834379883,17.938851971600656,17.81355241168096,17.68409802760729,17.516147217460365
110.2004023246493,17.97832129873835,17.933207870661263,17.885636641250713,17.822490004633288,17.939107345914678,17.81433560361721,17.685432939338746,17.518207608169703
110.46092334669339,17.978469581653798,17.93366590901239,17.88642300745601,17.823714814980804,17.939361278478543,17.81511434236819,17.68676020001999,17.52025608148798
110.72144436873748,17.97861675530902,17.934120511648203,17.88720344976148,17.824930356697706,17.939613781022693,17.81588866294976,17.68807987639873,17.522292732232515
110.98196539078157,17.978762827021946,17.934571700539337,17.88797801326519,17.826136692451456,17.939864863537906,17.816658596634994,17.68939202221629,17.524317650907193
111.24248641282566,17.978907808665767,17.93501950517365,17.888746746733446,17.827333902845922,17.940114538307768,17.81742418141547,17.690696698001062,17.526330930455956
111.50300743486974,17.979051705450622,17.93546395500404,17.889509700516,17.828522083795143,17.940362814021412,17.818185441790888,17.691993951540084,17.52833265244287
111.76352845691383,17.9791945291487,17.935905074364932,17.890266914867176,17.82970127678476,17.940609702266926,17.81894241920751,17.693283846071616,17.530322909783955
112.02404947895792,17.97933628956146,17.936342898262993,17.891018449351805,17.830871591344405,17.94085521386708,17.81969514017571,17.694566437261102,17.53230179270831
112.28457050100201,17.979476990560386,17.936777444436828,17.8917643454868,17.83203307974304,17.941099357640482,17.820443641732766,17.69584177734427,17.534269381928056
112.5450915230461,17.97961664558551,17.93720874732182,17.892504652246792,17.833185826880566,17.941342144796252,17.821187946754065,17.697109923307288,17.536225761880367
112.80561254509018,17.979755263222586,17.937636832746342,17.893239422920523,17.834329944049614,17.94158358567948,17.821928094494325,17.698370927629327,17.53817102253535
113.06613356713427,17.979892848809172,17.938061727367312,17.893968688729714,17.835465390736914,17.94182368952798,17.8226641146679,17.699624846156702,17.540105244212576
113.32665458917836,17.980029413148642,17.938483450020186,17.894692496084105,17.836592333556474,17.942062467602142,17.823396039048944,17.70087173272168,17.542028514745994
113.58717561122245,17.980164964484075,17.93890204015957,17.8954109093387,17.83771083741334,17.942299928645433,17.82412389629622,17.702111635462856,17.543940909649173
113.84769663326654,17.9802995112926,17.939317513429344,17.896123955434547,17.83882095010918,17.94253608341107,17.824847717387527,17.703344614573318,17.545842521178095
114.10821765531063,17.980433061430368,17.93972989992517,17.89683168569526,17.839922759116916,17.94277093994571,17.825567531173057,17.704570713031146,17.547733420296055
114.36873867735471,17.98056562229661,17.94013922777657,17.897534145906363,17.841016310718985,17.94300450880398,17.826283368392666,17.705789986955693,17.54961369146268
114.6292596993988,17.98069720325463,17.94054551542567,17.898231376312296,17.84210169594496,17.943236800300056,17.826995259171326,17.707002489128456,17.55148341813711
114.88978072144289,17.980827811454546,17.940948790701178,17.89892341525698,17.84317896429956,17.943467822379134,17.827703233965437,17.708208266722238,17.55334267432211
115.15030174348698,17.98095745561278,17.941349078531204,17.899610312909445,17.844248194783532,17.94369758677631,17.828407321932048,17.709407373378525,17.555191544086533
115.41082276553107,17.98108614444297,17.94174640575669,17.900292114189014,17.845309458313892,17.94392609958657,17.82910754749927,17.71059985475533,17.557030095883015
115.67134378757515,17.981213884188094,17.94214079582396,17.900968864188634,17.846362817777482,17.944153372563783,17.829803944467812,17.711785763068846,17.5588584187379
115.93186480961924,17.98134068119269,17.942532268162694,17.901640585981347,17.847408314843634,17.9443794138057,17.83049653794749,17.712965144635277,17.560676581389515
116.19238583166333,17.981466546109445,17.942920851226667,17.902307331184147,17.84844604698624,17.944604232738143,17.83118535883044,17.714138052690302,17.562484664663657
116.45290685370742,17.981591485767886,17.943306569349758,17.902969146742656,17.849476068435408,17.944827837896412,17.831870430953302,17.71530453010064,17.56428273847696
116.7134278757515,17.981715506861477,17.943689443162192,17.903626065323564,17.85049843675597,17.945050238473584,17.83255178492528,17.716464625504415,17.566070879060348
116.9739488977956,17.981838617671045,17.94406949595529,17.904278131722776,17.851513219561383,17.94527144294223,17.83322944801568,17.717618388878577,17.567849164521974
117.23446991983968,17.98196082562218,17.944446749483816,17.904925384093502,17.852520471960304,17.94549146028274,17.8339034453319,17.718765865778067,17.569617663262974
117.49499094188377,17.98208213682262,17.94482123486398,17.90556786041573,17.8535202785435,17.94571029964085,17.834573807040094,17.719907101162704,17.571376449316517
117.75551196392786,17.982202559170773,17.94519296470932,17.906205599635854,17.854512674093726,17.945927968749565,17.835240557588023,17.721042142548285,17.57312559671297
118.01603298597195,17.982322100498706,17.94556196868568,17.90683864360325,17.855497732721716,17.946144475914927,17.835903719614095,17.722171030615655,17.574865166630126
118.27655400801603,17.98244076673123,17.94592826068991,17.907467031243044,17.856475525423896,17.946359831238496,17.83656332866733,17.723293819421727,17.57659524984669
118.53707503006012,17.98255856705117,17.94629187193,17.9080907912617,17.85744605517351,17.946574041528393,17.837219404693798,17.724410548523778,17.57831590005584
118.79759605210421,17.98267550614503,17.946652812930083,17.90870996939978,17.85840946612619,17.946787114860363,17.837871968880663,17.72552125810344,17.580027189378015
119.0581170741483,17.98279159249381,17.94701111716566,17.909324602086954,17.859365755389035,17.94699906086882,17.83852105792876,17.72662600311625,17.581729191048268
119.31863809619239,17.982906830099992,17.94736679943545,17.909934724122373,17.86031500139115,17.9472098868046,17.839166689743493,17.727724819807854,17.583421972702112
119.57915911823648,17.983021230919057,17.947719886851317,17.910540379539825,17.861257274888686,17.947419600092253,17.839808888357,17.728817749356367,17.585105596286624
119.83968014028056,17.983134798251996,17.948070390295292,17.911141594746546,17.86219260131797,17.94762821012,17.840447681649266,17.729904835796745,17.58678013286088
120.10020116232465,17.983247538932943,17.948418337779266,17.91173840838782,17.863121057307865,17.947835724078068,17.84108309363613,17.730986127672452,17.58844565249275
120.36072218436874,17.98335945901203,17.948763747489934,17.91233085787124,17.864042701591046,17.948042151142758,17.84171514982289,17.732061663347423,17.59010221927504
120.62124320641283,17.983470566761973,17.949106640412808,17.912918971268574,17.864957574677042,17.94824749610666,17.84234387428134,17.733131482164524,17.591749891081747
120.88176422845692,17.983580861170793,17.9494470346446,17.913502801705206,17.865865743593623,17.9484517695512,17.8429692872447,17.734195630903045,17.593388750790737
121.142285250501,17.983690368498458,17.94978495796346,17.91408236145091,17.866767257358006,17.94865497717454,17.84359141673722,17.73525414358302,17.595018841428598
121.40280627254509,17.98379907590663,17.950120419893175,17.914657697395256,17.867662176358962,17.94885712727175,17.844210282710186,17.73630706227921,17.59664023670264
121.66332729458918,17.983906995295172,17.95045344712129,17.915228841391666,17.86855054210605,17.949058228718364,17.844825913595763,17.737354436267573,17.598253007494094
121.92384831663327,17.984014135084607,17.950784055865476,17.915795823320032,17.86943241455795,17.949258286279345,17.84543832489709,17.73839628933706,17.59985719434154
122.18436933867736,17.984120498794397,17.951112266871206,17.91635868901777,17.870307852274152,17.949457310196408,17.8460475486161,17.73943267607197,17.60145288241108
122.44489036072144,17.984226093506336,17.95143809725697,17.916917454976463,17.87117689697888,17.949655306083187,17.846653600442757,17.740463630359358,17.603040121088846
122.70541138276553,17.984330926751447,17.951761569988214,17.917472164002938,17.872039600844417,17.94985228126241,17.847256505959038,17.7414891885322,17.604618975180557
122.96593240480962,17.984435002646727,17.952082704053126,17.918022851730825,17.872896025396244,17.950048243849352,17.847856287352016,17.742509390627163,17.606189500192627
123.22645342685371,17.984538328285304,17.95240151327131,17.918569540199428,17.873746213075826,17.950243199331325,17.848452967331774,17.74352427856823,17.60775176511911
123.4869744488978,17.98464090929724,17.95271801726635,17.91911226457188,17.874590207529806,17.950437156692175,17.849046564733122,17.744533879824246,17.609305816440333
123.74749547094189,17.98474275249616,17.95303223732075,17.919651064396874,17.87542807132857,17.950630121368995,17.84963710286965,17.7455382474473,17.610851727768406
124.00801649298597,17.984843861994563,17.95334418841921,17.92018596034444,17.876259844059817,17.950822101305263,17.850224604671553,17.7465374052488,17.612389541627977
124.26853751503006,17.984944244030125,17.953653893167612,17.920716990891357,17.877085589384137,17.951013101671563,17.8508090896488,17.747531395697678,17.613919323866412
124.52905853707415,17.985043905014336,17.95396136239411,17.921244180897702,17.877905335158637,17.951203131662112,17.851390579598146,17.748520251612362,17.615441135615477
124.78957955911824,17.985142850196944,17.954266619989482,17.92176756164278,17.878719140246417,17.951392197486072,17.851969099027613,17.749504017489215,17.616955030461902
125.05010058116233,17.985241085370816,17.95456967802943,17.92228716984853,17.87952704803655,17.951580304594962,17.852544663648544,17.750482722149883,17.618461062807526
125.31062160320641,17.985338616349154,17.95487055989713,17.92280302663248,17.88032910480763,17.951767461207268,17.853117297581292,17.751456406227987,17.61995929394078
125.5711426252505,17.985435448862752,17.955169276362327,17.923315168846884,17.881125365263884,17.95195367232573,17.853687016838606,17.75242509606244,17.621449771414845
125.83166364729459,17.98553158809416,17.955465852687126,17.92382362352204,17.881915872345417,17.952138945937634,17.854253845929193,17.753388834092434,17.62293254734297
126.09218466933868,17.98562703996565,17.955760299794477,17.924328420784107,17.882700672705532,17.952323287614163,17.854817804565073,17.75434765530767,17.624407689873642
126.35270569138277,17.985721808325067,17.956052634028396,17.92482958487971,17.883479795927215,17.95250670354011,17.855378909865124,17.755301602878724,17.625875247126217
126.61322671342685,17.985815898210518,17.956342874603394,17.92532714638176,17.884253308918105,17.95268920226094,17.855937186212998,17.756250678325358,17.627335265021472
126.87374773547094,17.985909319070743,17.956631039040538,17.92582114161108,17.885021250406766,17.952870786864608,17.856492649313758,17.75719494665818,17.628787802642847
127.13426875751503,17.986002072396744,17.956917139154044,17.926311590008993,17.88578365919915,17.95305146525952,17.857045319510696,17.75813443251476,17.63023291481315
127.39478977955912,17.986094165198978,17.95720119638314,17.926798525164727,17.886540586783646,17.95323124371471,17.85759521507788,17.75906916759483,17.63167064746004
127.6553108016032,17.986185599521107,17.957483220135913,17.927281962609626,17.88729205780622,17.95341012842239,17.858142359471884,17.759999189458632,17.633101060039508
127.9158318236473,17.98627638400025,17.95776323273826,17.927761944729767,17.88803813705114,17.95358812450992,17.858686763006418,17.76092452167586,17.634524194268025
128.17635284569138,17.986366522688954,17.95804124692763,17.92823848883245,17.888778859487665,17.953765238784356,17.85922845272151,17.761845202546553,17.63594010341545
128.43687386773547,17.986456021224228,17.958317281718763,17.928711634863603,17.88951426263756,17.95394147776021,17.859767443118287,17.76276126444278,17.637348842274633
128.69739488977956,17.98654488252822,17.9585913468907,17.92918139582399,17.890244395930957,17.95411684660192,17.860303755731138,17.763672738118217,17.638750459834625
128.95791591182365,17.986633113120035,17.958863459975845,17.929647795299502,17.890969295004,17.954291350676385,17.860837405154157,17.76457965468019,17.64014499976038
129.21843693386774,17.98672071771358,17.95913363978346,17.930110873298474,17.891689007451262,17.954464997274698,17.861368410357755,17.76548204511939,17.64153251647091
129.47895795591182,17.986807701150525,17.95940189759034,17.930570653823906,17.89240356794673,17.954637790974175,17.86189678953633,17.766379940898297,17.64291305620783
129.7394789779559,17.986894068098465,17.95966824665564,17.931027152182843,17.893113018487476,17.95480973909845,17.862422564452586,17.767273373777904,17.64428667151894
130.0,17.98697982406175,17.95993271010807,17.931480403846976,17.893817401737934,17.954980844039454,17.862945745786014,17.768162369701983,17.645653395897682
